cycle_id,clinic_id,treatment_year,female_age,male_age,bmi,fsh_iu_l,afc,infertility_duration_years,infertility_cause,sperm_source,sperm_concentration_m_ml,sperm_progressive_motility_pct,previous_ivf_cycles,previous_live_births,smoker,live_birth,true_probability,amh_unit,amh_value
25241,58,2013,30.0,31.0,29.0,4.5,,2.0,male_factor,partner,3.2,22.0,1.0,0.0,0,0,0.3634,pmol/L,36.63
63384,13,2018,35.0,39.0,26.5,8.0,,3.7,unexplained,partner,144.5,42.0,1.0,1.0,0,0,0.3364,ng/mL,0.69
98139,48,2013,32.0,39.0,26.9,5.8,11.0,3.2,unexplained,partner,31.0,75.0,2.0,1.0,0,0,0.3808,ng/mL,
92608,38,2015,31.0,34.0,26.6,8.4,7.0,0.9,unexplained,partner,,,1.0,0.0,0,0,0.3525,ng/mL,2.33
18065,61,2021,37.0,40.0,22.4,,4.0,1.9,tubal,partner,,,0.0,1.0,0,0,0.3264,ng/mL,1.06
72748,21,2019,29.0,,24.5,6.4,8.0,1.8,male_factor,donor,,,1.0,0.0,0,1,0.4177,ng/mL,2.1
36618,56,2015,42.0,38.0,26.3,9.0,2.0,,diminished_reserve,partner,75.2,37.0,1.0,0.0,0,0,0.021,ng/mL,
75188,28,2013,32.0,37.0,23.4,5.6,5.0,6.3,male_factor,partner,10.9,5.0,1.0,0.0,0,0,0.2542,ng/mL,2.95
8138,41,2022,38.0,50.0,25.9,5.2,,3.5,ovulatory_pcos,partner,41.5,50.0,1.0,1.0,0,0,0.3839,ng/mL,14.93
64071,23,2022,40.0,44.0,31.0,10.2,6.0,2.6,tubal,partner,32.8,54.0,1.0,0.0,0,0,0.1044,pmol/L,9.42
115467,30,2014,28.0,23.0,28.3,4.1,10.0,,ovulatory_pcos,partner,52.0,40.0,1.0,0.0,1,0,0.3052,ng/mL,5.14
87860,5,2016,33.0,42.0,25.3,7.5,14.0,3.1,endometriosis,partner,73.9,51.0,1.0,0.0,0,0,0.2847,ng/mL,4.75
96332,40,2013,40.0,39.0,30.2,6.3,5.0,4.9,unexplained,partner,84.8,74.0,1.0,0.0,0,0,0.0892,ng/mL,
37285,22,2021,34.0,32.0,25.6,4.5,7.0,,male factor,partner,5.1,24.0,0.0,0.0,1,1,0.3922,pmol/L,89.18
84412,32,2014,39.0,37.0,27.7,14.2,3.0,4.7,unexplained,partner,116.3,60.0,2.0,0.0,0,0,0.0679,pmol/L,
116086,55,2021,37.0,38.0,24.5,9.8,2.0,10.8,male_factor,partner,25.8,37.0,1.0,0.0,1,0,0.1168,ng/mL,0.79
44626,37,2023,29.0,,24.5,5.0,9.0,3.3,combined,donor,,,0.0,0.0,0,0,0.3813,ng/mL,2.6
55811,5,2017,39.0,,34.3,4.5,12.0,6.0,endometriosis,donor,,,0.0,1.0,0,0,0.1353,ng/mL,
99527,23,2023,28.0,,,5.6,11.0,4.5,male_factor,donor,,,0.0,0.0,0,1,0.3878,pmol/L,10.42
115993,25,2014,36.0,37.0,30.9,8.3,12.0,,male_factor,partner,,,1.0,0.0,0,1,0.1832,ng/mL,
46591,11,2013,22.0,23.0,33.0,5.0,,4.1,ovulatory_pcos,partner,,,0.0,0.0,0,0,0.4662,ng/mL,13.27
92033,21,2014,31.0,32.0,25.8,6.5,7.0,4.0,unexplained,partner,,,0.0,0.0,0,1,0.3704,ng/mL,2.8
39084,48,2015,34.0,39.0,27.9,6.6,,2.9,unexplained,partner,46.8,31.0,0.0,1.0,0,1,0.4092,ng/mL,5.07
33080,40,2014,30.0,28.0,31.6,8.9,13.0,2.9,unexplained,partner,105.5,45.0,0.0,1.0,0,0,0.3272,ng/mL,3.33
27668,20,2020,32.0,30.0,23.2,,2.0,3.5,diminished_reserve,partner,89.4,48.0,0.0,0.0,0,1,0.2492,ng/mL,2.15
46878,16,2020,31.0,31.0,24.9,,,3.5,combined,partner,6.5,33.0,1.0,0.0,0,1,0.3307,ng/mL,4.43
113329,60,2016,35.0,43.0,27.9,13.6,6.0,,male_factor,partner,26.3,27.0,2.0,0.0,0,0,0.261,pmol/L,8.35
17580,52,2015,44.0,40.0,29.2,10.2,5.0,5.6,unexplained,partner,137.6,63.0,5.0,0.0,0,0,0.0195,ng/mL,1.22
42720,2,2022,32.0,40.0,33.2,,5.0,4.3,endometriosis,partner,103.0,66.0,1.0,0.0,0,0,0.195,ng/mL,1.66
96044,61,2017,29.0,31.0,29.4,9.0,11.0,6.3,unexplained,partner,76.6,58.0,1.0,0.0,0,1,0.3485,ng/mL,3.03
75150,39,2015,33.0,29.0,26.9,,8.0,2.9,unexplained,partner,50.6,37.0,1.0,0.0,0,0,0.3195,ng/mL,2.17
69282,16,2018,37.0,38.0,24.7,11.5,3.0,9.5,unexplained,partner,33.5,51.0,0.0,0.0,0,0,0.1846,ng/mL,1.08
26334,60,2019,23.0,31.0,31.7,,,,ovulatory_pcos,partner,27.7,38.0,1.0,0.0,0,0,0.4915,pmol/L,98.46
72746,11,2013,39.0,47.0,23.3,11.4,3.0,1.8,male_factor,partner,14.1,24.0,0.0,0.0,0,0,0.1764,ng/mL,
83076,14,2017,41.0,,26.9,5.7,,4.9,unexplained,donor,,,1.0,0.0,0,0,0.1163,ng/mL,1.8
7657,15,2018,30.0,28.0,26.1,4.7,4.0,1.1,tubal,partner,24.8,42.0,0.0,0.0,1,0,0.2871,ng/mL,1.81
19219,48,2015,34.0,,31.1,7.6,9.0,10.1,unexplained,donor,,,0.0,0.0,0,0,0.2407,ng/mL,3.46
74415,57,2015,32.0,36.0,32.9,4.3,7.0,2.1,ovulatory_pcos,partner,17.4,49.0,2.0,0.0,1,1,0.2554,ng/mL,4.38
89853,56,2021,34.0,,26.5,8.6,7.0,5.2,unexplained,donor,,,1.0,0.0,0,1,0.323,ng/mL,2.39
41465,58,2018,29.0,28.0,30.9,5.8,12.0,0.8,unexplained,partner,106.1,31.0,0.0,1.0,0,1,0.5325,pmol/L,62.76
51902,32,2018,40.0,41.0,23.0,7.9,,1.7,unexplained,partner,32.7,38.0,1.0,0.0,0,0,0.0856,pmol/L,3.21
92910,63,2014,42.0,40.0,29.2,6.1,5.0,,male_factor,partner,37.7,6.0,1.0,1.0,1,0,0.0628,ng/mL,
114901,48,2020,29.0,25.0,29.0,5.3,9.0,3.1,unexplained,partner,28.8,35.0,0.0,0.0,0,0,0.301,ng/mL,1.99
81854,18,2019,32.0,33.0,24.9,5.1,5.0,6.1,male factor,partner,9.4,14.0,1.0,1.0,0,0,0.3734,ng/mL,4.15
36588,40,2017,34.0,35.0,26.7,6.0,6.0,9.5,unexplained,partner,59.2,55.0,1.0,0.0,0,1,0.1997,ng/mL,
109218,55,2012,37.0,31.0,23.6,7.6,5.0,3.0,male_factor,partner,13.0,24.0,0.0,0.0,0,0,0.1837,ng/mL,
97201,49,2014,31.0,29.0,25.5,6.8,11.0,2.9,unexplained,partner,69.8,81.0,1.0,0.0,0,1,0.4282,ng/mL,
103428,25,2015,35.0,35.0,26.6,8.3,7.0,2.0,unexplained,partner,37.2,69.0,1.0,0.0,0,0,0.2341,ng/mL,1.1
42805,47,2014,27.0,31.0,25.2,5.1,10.0,2.1,unexplained,partner,57.3,49.0,0.0,1.0,0,0,0.5414,pmol/L,
86918,27,2022,29.0,,27.2,3.9,,3.2,OVULATORY_PCOS,donor,,,0.0,0.0,0,0,0.4894,ng/mL,
29856,49,2013,32.0,33.0,24.0,3.9,22.0,3.4,male_factor,partner,1.2,28.0,1.0,0.0,0,1,0.4273,ng/mL,13.08
92655,33,2013,22.0,22.0,25.2,4.3,16.0,2.1,male_factor,partner,2.5,43.0,0.0,0.0,0,1,0.4613,ng/mL,
57257,18,2012,37.0,44.0,24.8,12.5,6.0,,endometriosis,partner,46.6,27.0,1.0,1.0,0,0,0.1724,ng/mL,
32008,8,2016,45.0,43.0,,,6.0,,unexplained,partner,165.0,42.0,3.0,0.0,1,0,0.0303,ng/mL,3.47
71959,49,2014,33.0,37.0,22.3,7.1,8.0,2.9,male_factor,partner,17.6,37.0,1.0,0.0,0,1,0.3962,ng/mL,3.65
90277,31,2012,35.0,32.0,23.2,6.1,13.0,5.0,male_factor,partner,6.1,20.0,4.0,0.0,0,0,0.2384,ng/mL,
32237,27,2012,33.0,36.0,24.6,2.9,6.0,2.6,male_factor,partner,2.8,26.0,3.0,0.0,0,0,0.1904,ng/mL,
47496,32,2012,39.0,,22.4,10.0,2.0,2.0,combined,donor,,,0.0,0.0,0,0,0.1275,pmol/L,
85582,45,2020,41.0,46.0,30.5,,5.0,3.3,diminished_reserve,partner,49.0,63.0,0.0,0.0,1,0,0.0335,ng/mL,0.25
52939,35,2023,25.0,26.0,32.6,,18.0,0.9,unexplained,partner,28.9,63.0,0.0,0.0,0,1,0.4855,ng/mL,9.75
111985,44,2023,43.0,38.0,25.8,,2.0,3.3,diminished_reserve,partner,103.8,57.0,2.0,0.0,0,0,0.0196,ng/mL,0.47
55505,10,2022,36.0,34.0,30.5,11.2,2.0,6.2,combined,partner,5.9,13.0,1.0,0.0,1,0,0.1087,ng/mL,1.16
80209,8,2017,46.0,46.0,24.1,13.5,1.0,4.8,unexplained,partner,32.3,64.0,1.0,1.0,0,0,0.0201,ng/mL,
22222,54,2015,35.0,39.0,24.3,5.2,13.0,3.4,tubal,partner,43.4,43.0,0.0,0.0,0,0,0.3535,pmol/L,22.92
78189,10,2014,32.0,36.0,32.5,4.5,,3.8,male_factor,partner,20.7,52.0,0.0,0.0,0,0,0.3944,ng/mL,6.12
59208,42,2016,30.0,35.0,27.1,8.1,4.0,,unexplained,partner,20.9,68.0,1.0,0.0,0,0,0.2648,pmol/L,8.28
33251,58,2020,28.0,37.0,24.3,,16.0,0.8,male_factor,partner,6.1,26.0,0.0,0.0,1,1,0.4499,pmol/L,72.4
82062,14,2021,31.0,32.0,24.2,,8.0,0.9,unexplained,partner,13.4,64.0,0.0,0.0,0,1,0.4347,ng/mL,2.47
73298,43,2012,39.0,42.0,25.8,7.4,5.0,4.1,combined,partner,17.2,30.0,1.0,1.0,0,0,0.149,ng/mL,1.29
18339,26,2019,27.0,31.0,27.3,3.5,15.0,2.8,ovulatory_pcos,partner,37.8,58.0,1.0,0.0,0,0,0.5132,pmol/L,88.75
67060,44,2012,37.0,48.0,22.2,6.6,7.0,3.4,MALE_FACTOR,partner,15.2,26.0,2.0,0.0,0,0,0.1881,ng/mL,2.77
63986,33,2023,42.0,52.0,,13.4,5.0,5.0,male_factor,partner,3.3,25.0,2.0,0.0,0,0,0.0384,ng/mL,1.09
47197,26,2012,28.0,29.0,27.1,6.5,18.0,1.5,male_factor,partner,9.4,23.0,0.0,1.0,0,0,0.5262,pmol/L,
13235,33,2014,38.0,27.0,34.2,6.7,10.0,4.5,UNEXPLAINED,partner,81.0,42.0,1.0,1.0,0,0,0.2204,ng/mL,
91218,7,2015,36.0,42.0,23.3,,7.0,2.7,diminished_reserve,partner,86.6,89.0,0.0,1.0,0,0,0.2995,ng/mL,2.23
11525,32,2017,40.0,40.0,22.3,4.8,10.0,5.7,male_factor,partner,25.0,3.0,0.0,0.0,0,0,0.188,pmol/L,34.99
93695,34,2017,28.0,28.0,27.1,3.4,16.0,7.1,male_factor,partner,2.9,7.0,0.0,1.0,0,1,0.4243,ng/mL,
85761,58,2018,37.0,39.0,23.0,6.8,,4.5,male_factor,partner,29.2,30.0,3.0,1.0,0,0,0.309,pmol/L,22.13
19436,42,2018,31.0,32.0,24.6,6.2,11.0,2.8,ENDOMETRIOSIS,partner,,,0.0,0.0,0,0,0.3452,pmol/L,19.28
75406,3,2021,35.0,40.0,,5.7,8.0,1.2,ovulatory_pcos,partner,24.9,32.0,1.0,0.0,0,0,0.4102,pmol/L,37.98
117734,22,2013,25.0,31.0,25.3,5.7,13.0,2.6,unexplained,partner,63.6,47.0,0.0,1.0,0,0,0.5564,pmol/L,
106579,27,2016,31.0,,26.4,8.9,5.0,,ovulatory_pcos,donor,,,0.0,0.0,0,0,0.3645,ng/mL,2.76
53931,60,2012,30.0,30.0,26.0,6.2,9.0,3.5,ovulatory_pcos,partner,66.2,63.0,0.0,1.0,0,1,0.5375,pmol/L,
115112,24,2017,36.0,41.0,23.5,5.5,4.0,3.1,combined,partner,16.7,14.0,1.0,0.0,0,0,0.1418,ng/mL,1.78
64592,48,2018,36.0,38.0,,9.6,7.0,6.0,unexplained,partner,22.4,54.0,2.0,0.0,0,0,0.2061,ng/mL,2.21
54337,18,2012,37.0,47.0,,8.9,,1.8,male_factor,partner,2.2,32.0,0.0,0.0,0,0,0.2465,ng/mL,
41009,27,2022,34.0,38.0,26.5,,5.0,8.5,tubal,partner,102.8,60.0,0.0,0.0,0,0,0.2062,ng/mL,1.24
100675,63,2013,35.0,37.0,31.2,7.2,7.0,1.6,unexplained,partner,132.4,49.0,1.0,0.0,0,1,0.333,ng/mL,2.54
60808,39,2017,37.0,35.0,24.7,7.5,6.0,4.5,male_factor,partner,4.4,12.0,1.0,0.0,1,0,0.1277,ng/mL,0.66
83615,50,2012,31.0,36.0,26.5,3.9,11.0,6.7,ovulatory_pcos,partner,30.0,56.0,0.0,0.0,0,0,0.3386,ng/mL,
76462,57,2014,35.0,35.0,24.9,12.2,4.0,3.7,male_factor,partner,32.8,11.0,0.0,0.0,0,1,0.2914,ng/mL,1.96
36076,2,2018,40.0,42.0,27.4,12.9,11.0,6.3,male_factor,partner,8.8,24.0,0.0,0.0,0,0,0.1109,ng/mL,1.85
33284,12,2013,40.0,37.0,25.3,10.7,6.0,3.8,male_factor,partner,9.2,11.0,2.0,0.0,0,0,0.1297,ng/mL,
89945,19,2019,40.0,45.0,26.3,6.8,,4.6,diminished_reserve,partner,86.0,46.0,1.0,0.0,1,0,0.0372,ng/mL,0.75
28013,46,2017,38.0,37.0,25.9,,,3.7,diminished_reserve,partner,46.1,22.0,0.0,1.0,0,0,0.136,ng/mL,0.39
50485,8,2019,29.0,33.0,29.0,5.5,23.0,,ovulatory_pcos,partner,38.2,47.0,0.0,0.0,0,0,0.4757,ng/mL,16.14
75296,61,2015,34.0,36.0,22.7,6.6,,3.7,unexplained,partner,83.0,32.0,1.0,0.0,0,0,0.4081,ng/mL,4.02
74216,49,2019,31.0,,32.4,4.7,,4.8,tubal,donor,,,0.0,1.0,0,0,0.4143,ng/mL,2.78
67884,13,2017,33.0,35.0,36.5,9.2,5.0,2.3,unexplained,partner,66.9,56.0,0.0,0.0,0,0,0.2495,ng/mL,1.04
64254,37,2023,40.0,43.0,22.6,4.8,6.0,3.5,unexplained,partner,137.9,50.0,0.0,1.0,1,0,0.186,ng/mL,2.15
99099,43,2017,40.0,40.0,24.3,,10.0,6.3,endometriosis,partner,73.9,21.0,1.0,1.0,0,0,0.2033,ng/mL,2.88
53814,13,2015,37.0,35.0,26.3,6.7,5.0,5.5,unexplained,partner,60.4,72.0,1.0,1.0,0,0,0.2702,ng/mL,1.36
93432,5,2021,38.0,38.0,22.8,,4.0,4.0,unexplained,partner,,,2.0,1.0,0,0,0.1587,ng/mL,1.16
63518,47,2020,40.0,37.0,24.1,7.0,,1.8,combined,partner,28.8,30.0,4.0,1.0,0,0,0.1329,pmol/L,13.35
60654,5,2019,32.0,30.0,26.9,,4.0,1.6,diminished_reserve,partner,25.9,29.0,1.0,0.0,0,0,0.1499,ng/mL,0.51
108971,61,2014,24.0,34.0,26.8,5.4,12.0,5.0,ovulatory_pcos,partner,68.2,64.0,1.0,0.0,0,0,0.4733,ng/mL,
16829,58,2015,24.0,25.0,24.3,5.7,,6.0,endometriosis,partner,47.9,51.0,1.0,0.0,0,1,0.328,pmol/L,17.42
81518,48,2016,28.0,31.0,28.1,2.4,23.0,2.8,ovulatory_pcos,partner,89.0,31.0,1.0,0.0,0,0,0.4222,ng/mL,22.0
108849,63,2020,35.0,42.0,24.5,8.4,,4.9,tubal,partner,30.1,47.0,0.0,0.0,0,0,0.39,ng/mL,2.44
106874,38,2013,45.0,42.0,26.2,9.5,,4.2,male_factor,partner,40.8,7.0,2.0,0.0,0,0,0.0197,ng/mL,
102314,15,2014,36.0,40.0,,5.3,,2.1,tubal,partner,50.9,65.0,0.0,0.0,0,1,0.3051,ng/mL,
71307,34,2014,26.0,25.0,24.6,4.6,14.0,7.6,tubal,partner,,,1.0,0.0,0,0,0.3903,ng/mL,
31112,47,2022,35.0,41.0,25.6,9.6,10.0,8.3,male_factor,partner,1.7,34.0,0.0,0.0,0,0,0.269,pmol/L,13.21
117641,56,2020,41.0,37.0,28.5,,3.0,6.6,male_factor,partner,2.9,30.0,1.0,1.0,0,0,0.0404,ng/mL,0.31
100568,56,2016,39.0,35.0,25.1,14.4,4.0,2.6,male_factor,partner,12.5,48.0,1.0,0.0,0,0,0.1398,ng/mL,1.16
104198,43,2016,43.0,47.0,23.1,,1.0,3.2,endometriosis,partner,67.2,48.0,1.0,0.0,0,0,0.0369,ng/mL,0.5
10409,12,2018,40.0,45.0,22.9,6.6,3.0,3.8,unexplained,partner,39.5,61.0,2.0,1.0,0,0,0.1491,ng/mL,1.32
95460,10,2018,34.0,39.0,23.0,5.1,,2.5,tubal,partner,126.8,51.0,0.0,0.0,0,1,0.3831,ng/mL,2.09
40133,29,2020,36.0,42.0,31.3,6.4,10.0,1.7,unexplained,partner,37.4,57.0,2.0,0.0,0,1,0.3428,pmol/L,28.2
601,41,2018,37.0,35.0,23.9,,6.0,2.6,unexplained,partner,51.0,36.0,0.0,0.0,0,0,0.2844,ng/mL,1.34
13915,53,2012,31.0,30.0,23.6,4.8,,2.9,endometriosis,partner,36.4,61.0,1.0,0.0,0,0,0.3909,ng/mL,
14530,55,2021,38.0,,,8.9,7.0,1.3,male_factor,donor,,,0.0,0.0,0,0,0.2426,ng/mL,1.05
56337,21,2023,28.0,32.0,22.7,8.0,7.0,5.0,male_factor,partner,6.8,24.0,2.0,0.0,0,0,0.2307,ng/mL,0.74
47029,39,2017,31.0,,26.3,6.2,8.0,3.8,diminished_reserve,donor,,,0.0,0.0,0,1,0.3542,ng/mL,3.79
70428,63,2013,37.0,,21.2,6.7,8.0,4.4,male_factor,donor,,,2.0,1.0,0,1,0.2853,ng/mL,
1409,34,2012,35.0,35.0,26.8,8.4,11.0,1.5,combined,partner,3.5,14.0,1.0,0.0,0,1,0.2661,ng/mL,
20246,42,2021,41.0,52.0,29.8,5.8,8.0,3.7,ovulatory_pcos,partner,42.8,53.0,2.0,0.0,1,0,0.0867,pmol/L,39.41
33940,11,2014,42.0,48.0,32.6,9.8,5.0,1.0,unexplained,partner,27.0,43.0,0.0,1.0,0,0,0.069,ng/mL,0.61
65735,24,2018,32.0,32.0,,,10.0,,diminished_reserve,partner,160.5,26.0,2.0,1.0,1,0,0.1838,ng/mL,2.3
16329,6,2023,35.0,38.0,31.6,4.6,17.0,1.1,ovulatory_pcos,partner,19.0,53.0,2.0,0.0,0,0,0.349,ng/mL,16.44
25931,11,2022,31.0,37.0,23.1,,14.0,1.4,unexplained,partner,56.3,51.0,1.0,0.0,0,0,0.4687,ng/mL,2.9
71585,5,2019,37.0,49.0,28.3,7.7,9.0,2.4,male_factor,partner,10.4,22.0,3.0,0.0,0,0,0.1208,ng/mL,
85765,41,2023,37.0,47.0,25.5,,8.0,3.0,tubal,partner,43.3,48.0,1.0,0.0,0,0,0.2622,ng/mL,1.71
113000,30,2020,38.0,42.0,42.4,6.9,4.0,7.3,unexplained,partner,81.5,46.0,0.0,0.0,0,0,0.0708,ng/mL,1.46
42695,25,2013,45.0,42.0,23.4,9.1,5.0,3.7,tubal,partner,91.3,55.0,1.0,1.0,0,0,0.0418,ng/mL,3.73
79972,51,2018,38.0,40.0,,10.2,4.0,7.0,unexplained,partner,119.9,56.0,1.0,0.0,0,0,0.1745,ng/mL,1.17
20670,36,2023,31.0,31.0,27.9,6.1,4.0,2.3,endometriosis,partner,,,0.0,0.0,0,0,0.2777,ng/mL,0.98
67297,54,2019,34.0,32.0,26.5,10.1,10.0,5.6,male_factor,partner,33.6,33.0,0.0,1.0,1,0,0.3584,pmol/L,23.56
3489,36,2015,35.0,40.0,25.0,7.2,11.0,4.2,endometriosis,partner,58.0,54.0,1.0,0.0,1,1,0.2701,ng/mL,3.03
89575,11,2015,29.0,30.0,31.6,7.5,7.0,1.7,unexplained,partner,63.1,42.0,0.0,0.0,0,1,0.4325,ng/mL,7.5
84094,60,2018,33.0,32.0,28.2,5.2,21.0,2.1,male_factor,partner,19.8,15.0,0.0,0.0,0,0,0.4642,pmol/L,51.55
31077,62,2014,42.0,51.0,24.0,10.6,5.0,3.2,diminished_reserve,partner,102.8,54.0,1.0,0.0,0,0,0.0249,ng/mL,0.4
36528,11,2014,29.0,27.0,25.5,6.0,,2.4,unexplained,partner,24.4,52.0,0.0,2.0,0,0,0.5906,ng/mL,
62164,20,2020,38.0,38.0,27.6,6.0,,3.7,male_factor,partner,13.2,18.0,2.0,1.0,0,0,0.2022,ng/mL,4.34
90777,45,2020,38.0,43.0,24.0,11.0,4.0,7.6,diminished_reserve,partner,66.2,40.0,0.0,0.0,0,0,0.1455,ng/mL,0.98
15600,16,2017,33.0,29.0,24.3,8.6,10.0,3.8,unexplained,partner,27.7,42.0,0.0,0.0,0,1,0.4199,ng/mL,3.72
3923,16,2014,30.0,32.0,25.0,5.8,7.0,1.0,unexplained,partner,109.5,63.0,0.0,0.0,0,1,0.4447,ng/mL,3.36
95502,8,2014,35.0,44.0,24.6,12.0,3.0,2.7,male_factor,partner,23.6,28.0,1.0,0.0,0,1,0.2819,ng/mL,
35139,19,2020,39.0,39.0,23.3,,7.0,2.2,unexplained,partner,83.0,58.0,2.0,1.0,0,0,0.1095,ng/mL,0.67
33299,35,2012,34.0,36.0,26.0,5.5,,3.3,ovulatory_pcos,partner,88.7,70.0,0.0,0.0,0,0,0.4142,ng/mL,4.53
58710,8,2012,34.0,38.0,27.5,12.4,3.0,5.6,unexplained,partner,49.2,53.0,1.0,1.0,1,0,0.2361,ng/mL,1.1
87048,59,2016,34.0,41.0,25.4,5.3,8.0,1.9,unexplained,partner,46.4,61.0,1.0,0.0,1,0,0.3088,ng/mL,7.11
48311,31,2022,32.0,38.0,26.2,8.5,6.0,1.4,tubal,partner,53.9,62.0,0.0,0.0,0,1,0.4832,ng/mL,3.85
113962,41,2012,31.0,,26.0,4.3,26.0,1.3,ovulatory_pcos,donor,,,3.0,0.0,1,0,0.4397,ng/mL,
104854,13,2021,39.0,42.0,25.3,6.8,7.0,8.5,unexplained,partner,56.9,67.0,0.0,0.0,0,0,0.1827,ng/mL,1.49
58577,30,2018,40.0,44.0,24.6,6.3,2.0,4.2,unexplained,partner,104.7,44.0,2.0,1.0,0,0,0.1202,ng/mL,1.65
61166,5,2023,36.0,38.0,23.7,10.1,5.0,2.3,diminished_reserve,partner,115.5,37.0,0.0,1.0,0,0,0.1478,ng/mL,0.41
24069,17,2012,38.0,,25.8,5.6,5.0,4.5,male_factor,donor,,,0.0,0.0,0,1,0.2124,pmol/L,
62669,60,2021,34.0,39.0,27.2,5.8,8.0,2.2,male_factor,partner,14.6,31.0,0.0,0.0,1,0,0.3462,pmol/L,18.28
9609,64,2013,42.0,47.0,27.1,,6.0,,diminished_reserve,partner,29.8,61.0,3.0,1.0,0,0,0.0365,ng/mL,0.15
4244,39,2021,32.0,33.0,27.1,5.2,6.0,3.1,unexplained,partner,28.9,52.0,1.0,0.0,0,0,0.2859,ng/mL,
92283,64,2013,38.0,39.0,28.5,9.4,2.0,3.4,combined,partner,,,3.0,0.0,0,0,0.1,ng/mL,
99705,58,2013,31.0,36.0,24.8,6.0,13.0,3.2,male_factor,partner,18.4,15.0,0.0,0.0,0,1,0.3699,pmol/L,
40150,57,2020,37.0,37.0,,5.4,7.0,1.4,male_factor,partner,47.5,24.0,0.0,0.0,0,0,0.3366,ng/mL,3.0
95643,40,2022,46.0,46.0,29.3,9.8,3.0,2.3,unexplained,partner,48.6,56.0,1.0,0.0,1,0,0.0104,ng/mL,1.19
34286,44,2019,41.0,39.0,23.9,,8.0,2.3,unexplained,partner,48.5,59.0,4.0,0.0,0,0,0.0636,ng/mL,0.85
94894,62,2016,39.0,34.0,24.6,,2.0,2.7,diminished_reserve,partner,110.7,71.0,1.0,0.0,0,0,0.0636,ng/mL,0.45
18069,26,2013,35.0,50.0,40.9,13.0,11.0,3.7,unexplained,partner,48.3,50.0,2.0,0.0,0,0,0.1687,pmol/L,
34875,46,2019,40.0,38.0,28.9,,3.0,5.4,unexplained,partner,35.1,71.0,0.0,0.0,0,0,0.1046,ng/mL,0.6
22709,22,2022,29.0,36.0,25.8,,7.0,1.5,unexplained,partner,78.1,56.0,1.0,0.0,0,1,0.46,pmol/L,32.49
9059,29,2014,34.0,39.0,28.6,5.0,5.0,5.2,unexplained,partner,46.6,71.0,3.0,0.0,1,0,0.236,pmol/L,
33764,26,2023,31.0,29.0,24.6,7.1,,5.6,unexplained,partner,35.5,48.0,1.0,1.0,0,0,0.4184,pmol/L,
81764,47,2012,26.0,23.0,24.7,5.2,7.0,6.1,unexplained,partner,61.7,66.0,0.0,0.0,0,1,0.321,pmol/L,
11423,33,2012,42.0,41.0,28.0,11.2,0.0,2.0,tubal,partner,149.2,60.0,2.0,1.0,0,0,0.0366,ng/mL,
54767,60,2013,36.0,33.0,26.6,11.3,,2.1,ovulatory_pcos,partner,32.8,70.0,1.0,2.0,0,0,0.3797,pmol/L,
101319,38,2022,37.0,,38.9,,5.0,3.3,tubal,donor,,,0.0,1.0,0,1,0.2323,ng/mL,2.3
23233,21,2012,36.0,42.0,27.6,14.3,5.0,4.6,diminished_reserve,partner,39.7,44.0,0.0,0.0,0,0,0.1068,ng/mL,
77581,56,2014,36.0,38.0,,5.9,5.0,1.8,male_factor,partner,23.4,29.0,2.0,1.0,1,0,0.3013,ng/mL,4.5
67527,37,2017,39.0,36.0,23.9,7.3,,2.4,male_factor,partner,10.1,31.0,1.0,1.0,0,0,0.2235,ng/mL,2.86
44408,44,2012,40.0,51.0,,9.0,,3.0,male_factor,partner,7.4,20.0,0.0,0.0,0,0,0.1055,ng/mL,
103217,48,2018,36.0,43.0,27.8,6.0,4.0,1.4,tubal,partner,118.1,29.0,2.0,0.0,0,1,0.1559,ng/mL,0.72
110193,50,2019,39.0,42.0,25.4,,,2.1,unexplained,partner,36.2,60.0,0.0,1.0,0,0,0.1963,ng/mL,1.35
87120,63,2012,29.0,35.0,24.4,,,0.9,male_factor,partner,1.9,34.0,1.0,0.0,0,0,0.3667,ng/mL,2.21
1412,36,2021,45.0,47.0,26.1,8.2,3.0,2.9,combined,partner,5.5,30.0,0.0,0.0,0,0,0.0162,ng/mL,0.76
80454,43,2016,30.0,30.0,29.5,8.2,9.0,2.4,male_factor,partner,3.9,27.0,0.0,0.0,0,0,0.3073,ng/mL,1.58
32297,7,2012,37.0,46.0,29.7,3.8,20.0,2.7,ovulatory_pcos,partner,75.3,53.0,0.0,0.0,0,1,0.3211,ng/mL,17.97
52839,21,2016,41.0,52.0,25.1,,6.0,2.5,diminished_reserve,partner,145.5,58.0,0.0,1.0,0,1,0.1337,ng/mL,2.81
52032,41,2020,38.0,31.0,24.0,6.7,9.0,4.1,unexplained,partner,35.1,55.0,0.0,1.0,0,0,0.3129,ng/mL,1.53
92132,30,2013,25.0,30.0,24.7,13.6,9.0,0.5,unexplained,partner,78.3,38.0,0.0,1.0,0,0,0.4268,ng/mL,
9362,43,2017,32.0,31.0,27.5,,4.0,,tubal,partner,33.4,33.0,1.0,0.0,0,1,0.3139,ng/mL,1.89
7650,15,2017,26.0,20.0,25.5,,19.0,1.0,unexplained,partner,92.4,68.0,1.0,0.0,0,0,0.4773,ng/mL,7.97
53419,17,2013,42.0,48.0,,11.4,9.0,3.2,male_factor,partner,,,1.0,0.0,0,0,0.0655,pmol/L,17.56
6477,15,2012,35.0,33.0,23.7,7.3,8.0,6.6,male_factor,partner,2.9,22.0,1.0,0.0,0,0,0.2359,ng/mL,
111753,29,2012,35.0,,26.0,6.1,15.0,2.4,ovulatory_pcos,donor,,,2.0,0.0,0,0,0.5028,pmol/L,
31586,39,2023,33.0,27.0,23.3,,11.0,4.4,tubal,partner,64.0,60.0,2.0,0.0,0,0,0.3627,ng/mL,3.98
24448,35,2019,44.0,42.0,,,,,diminished_reserve,partner,17.4,70.0,0.0,0.0,0,0,0.0133,ng/mL,0.3
45744,63,2022,41.0,44.0,25.1,9.3,3.0,5.5,diminished_reserve,partner,40.8,75.0,1.0,0.0,0,0,0.0647,ng/mL,0.5
117825,60,2012,32.0,31.0,31.5,4.7,8.0,1.0,ovulatory_pcos,partner,58.0,66.0,2.0,1.0,0,0,0.4394,pmol/L,32.2
16460,42,2014,32.0,31.0,23.8,,14.0,4.2,tubal,partner,40.8,53.0,1.0,1.0,0,0,0.3895,pmol/L,20.13
90660,25,2012,39.0,40.0,23.5,6.8,5.0,2.3,male_factor,partner,7.6,40.0,0.0,1.0,0,0,0.2073,ng/mL,
90426,12,2019,31.0,36.0,22.0,10.9,7.0,2.7,unexplained,partner,48.1,66.0,0.0,1.0,0,0,0.4201,ng/mL,
24897,53,2020,37.0,46.0,28.5,5.5,8.0,6.3,unexplained,partner,30.3,49.0,2.0,0.0,0,0,0.2439,ng/mL,5.45
47433,14,2023,40.0,44.0,32.6,,3.0,2.3,male_factor,partner,2.1,36.0,0.0,0.0,0,0,0.1029,ng/mL,1.2
54006,52,2015,38.0,39.0,24.5,,7.0,3.2,unexplained,partner,15.0,77.0,4.0,0.0,0,0,0.213,ng/mL,11.04
7879,12,2016,31.0,35.0,23.4,4.2,5.0,0.5,endometriosis,partner,111.1,68.0,2.0,0.0,0,1,0.3088,ng/mL,2.27
99138,12,2016,29.0,32.0,26.5,7.3,8.0,2.3,tubal,partner,40.9,62.0,1.0,1.0,0,1,0.4257,ng/mL,2.66
6236,47,2019,34.0,35.0,26.3,8.5,4.0,2.1,unexplained,partner,49.1,57.0,0.0,0.0,0,1,0.33,pmol/L,9.35
28301,54,2015,38.0,35.0,28.2,6.2,18.0,1.4,ovulatory_pcos,partner,,,2.0,1.0,0,0,0.3175,pmol/L,85.68
51495,35,2014,31.0,32.0,27.9,,2.0,0.7,unexplained,partner,116.6,44.0,2.0,0.0,0,0,0.2351,ng/mL,0.65
13015,35,2012,29.0,34.0,27.0,,11.0,1.3,tubal,partner,102.1,57.0,1.0,0.0,0,0,0.3879,ng/mL,3.84
73668,32,2021,34.0,32.0,25.9,6.2,11.0,11.8,tubal,partner,45.0,32.0,1.0,0.0,0,0,0.2845,pmol/L,19.85
80072,55,2019,28.0,35.0,25.1,6.1,12.0,2.8,male_factor,partner,31.2,34.0,2.0,0.0,0,0,0.3973,ng/mL,4.08
85564,40,2023,38.0,39.0,33.8,6.6,12.0,3.3,ovulatory_pcos,partner,68.6,54.0,1.0,0.0,1,0,0.1439,ng/mL,
25244,31,2018,36.0,42.0,30.3,9.1,12.0,4.2,male_factor,partner,12.1,28.0,0.0,0.0,0,0,0.2667,ng/mL,1.79
55467,52,2016,37.0,,26.6,8.1,6.0,1.0,male_factor,donor,,,0.0,1.0,0,0,0.3662,ng/mL,1.86
25108,22,2018,28.0,30.0,25.1,6.4,12.0,2.5,unexplained,partner,39.0,72.0,2.0,0.0,1,0,0.3485,pmol/L,20.42
20889,59,2019,27.0,32.0,23.5,5.0,,2.3,combined,partner,,,0.0,0.0,0,0,0.3698,ng/mL,
76196,62,2020,24.0,22.0,23.7,5.2,18.0,4.9,tubal,partner,59.8,60.0,0.0,0.0,0,0,0.4653,ng/mL,4.49
82126,35,2021,32.0,35.0,32.0,6.4,,4.2,ovulatory_pcos,partner,140.0,45.0,1.0,1.0,0,0,0.4856,ng/mL,16.71
15895,61,2019,31.0,29.0,24.7,4.8,8.0,7.8,male_factor,partner,33.4,33.0,0.0,1.0,0,1,0.4907,ng/mL,3.95
20678,5,2018,28.0,33.0,29.1,5.0,16.0,5.3,ovulatory_pcos,partner,49.4,53.0,2.0,1.0,0,1,0.3738,ng/mL,10.64
67231,45,2015,34.0,34.0,21.9,10.8,3.0,3.4,male_factor,partner,,,4.0,0.0,0,0,0.2253,ng/mL,1.94
47243,3,2014,30.0,27.0,27.9,5.0,,6.7,male_factor,partner,13.9,13.0,0.0,0.0,0,1,0.2691,pmol/L,
87287,46,2014,44.0,42.0,25.7,,3.0,2.8,male_factor,partner,5.7,35.0,3.0,0.0,0,0,0.0349,ng/mL,2.11
66610,60,2014,38.0,47.0,27.2,,6.0,2.9,ovulatory_pcos,partner,41.8,75.0,1.0,0.0,0,0,0.2683,pmol/L,29.42
84577,27,2015,29.0,31.0,25.2,6.2,8.0,0.9,combined,partner,16.6,24.0,1.0,0.0,0,1,0.2328,ng/mL,1.97
103324,54,2022,28.0,26.0,26.4,5.5,25.0,0.9,unexplained,partner,64.6,61.0,2.0,0.0,0,1,0.4509,pmol/L,69.19
41476,10,2013,36.0,42.0,29.4,12.1,,2.1,tubal,partner,31.5,41.0,0.0,0.0,0,0,0.2236,ng/mL,
70270,7,2015,36.0,40.0,23.9,5.3,3.0,2.4,combined,partner,3.0,27.0,2.0,0.0,0,0,0.1563,ng/mL,
32140,52,2017,36.0,36.0,25.4,8.8,6.0,3.1,male_factor,partner,5.6,25.0,1.0,1.0,0,1,0.2743,ng/mL,1.45
41842,60,2012,37.0,40.0,25.2,11.5,11.0,4.3,male_factor,partner,2.0,37.0,0.0,1.0,1,0,0.2732,pmol/L,
81460,26,2023,31.0,37.0,28.3,7.9,11.0,,ovulatory_pcos,partner,62.1,38.0,0.0,0.0,0,0,0.4907,pmol/L,31.27
86822,12,2018,36.0,45.0,28.7,7.1,,2.6,unexplained,partner,85.6,60.0,0.0,0.0,0,1,0.259,ng/mL,1.51
49407,35,2019,37.0,,24.8,7.0,,1.1,unexplained,donor,,,1.0,0.0,1,1,0.3046,ng/mL,5.06
115136,62,2022,38.0,33.0,28.3,4.0,3.0,4.2,male_factor,partner,22.0,17.0,1.0,0.0,0,0,0.1338,ng/mL,0.97
69513,53,2014,31.0,30.0,26.8,6.2,8.0,,unexplained,partner,78.7,55.0,1.0,0.0,0,0,0.3939,ng/mL,
115824,12,2019,37.0,44.0,32.1,7.8,7.0,7.8,unexplained,partner,59.5,44.0,1.0,0.0,0,0,0.157,ng/mL,1.88
119831,57,2023,25.0,25.0,24.5,4.6,10.0,2.7,unexplained,partner,18.3,43.0,1.0,0.0,0,1,0.4286,ng/mL,3.17
117105,52,2014,30.0,30.0,22.4,4.9,,5.5,combined,partner,34.5,34.0,2.0,0.0,0,1,0.2745,ng/mL,2.71
9123,50,2017,32.0,32.0,23.1,,,3.7,tubal,partner,40.2,59.0,0.0,0.0,0,0,0.3965,ng/mL,9.14
21878,38,2012,30.0,38.0,30.3,6.1,15.0,2.2,endometriosis,partner,25.0,39.0,0.0,0.0,0,0,0.3444,ng/mL,
118014,39,2013,40.0,37.0,27.6,8.8,4.0,7.1,unexplained,partner,71.0,62.0,4.0,1.0,0,0,0.0879,ng/mL,
114004,12,2020,33.0,30.0,24.9,7.4,6.0,1.3,unexplained,partner,136.0,51.0,0.0,0.0,0,0,0.4288,ng/mL,3.08
71046,47,2017,38.0,38.0,31.2,7.8,12.0,2.8,unexplained,partner,66.5,31.0,1.0,0.0,0,0,0.1931,pmol/L,14.14
56910,23,2017,34.0,29.0,28.1,8.3,5.0,2.1,ovulatory_pcos,partner,,,0.0,0.0,0,1,0.3981,pmol/L,41.41
37184,38,2014,37.0,40.0,24.8,6.6,9.0,2.5,male_factor,partner,30.1,22.0,0.0,1.0,0,0,0.3738,ng/mL,
104132,25,2017,38.0,35.0,26.5,7.0,1.0,2.7,unexplained,partner,35.4,44.0,0.0,0.0,0,0,0.1422,ng/mL,0.51
104729,17,2017,37.0,39.0,25.6,,3.0,4.3,male_factor,partner,,,0.0,0.0,0,0,0.2332,pmol/L,17.56
82164,12,2020,35.0,37.0,22.3,5.8,8.0,1.3,unexplained,partner,61.9,49.0,1.0,0.0,0,1,0.3977,ng/mL,3.16
17094,50,2015,34.0,38.0,25.3,6.6,8.0,2.5,male_factor,partner,13.8,17.0,0.0,0.0,0,0,0.2539,ng/mL,1.51
82342,56,2014,28.0,30.0,28.9,4.5,21.0,0.7,ovulatory_pcos,partner,42.8,52.0,0.0,0.0,0,0,0.4885,ng/mL,12.42
102085,49,2014,33.0,37.0,33.5,6.6,3.0,2.1,diminished_reserve,partner,47.3,63.0,0.0,0.0,1,0,0.1543,ng/mL,
95871,63,2021,36.0,32.0,24.2,9.7,5.0,3.5,male_factor,partner,9.2,17.0,2.0,0.0,1,0,0.184,ng/mL,0.86
2238,45,2012,35.0,35.0,24.0,7.9,,3.7,diminished_reserve,partner,55.8,61.0,0.0,0.0,0,0,0.2287,ng/mL,
100751,4,2019,40.0,42.0,24.1,5.9,5.0,6.7,unexplained,partner,78.0,39.0,0.0,0.0,0,1,0.1266,ng/mL,
17712,30,2020,39.0,48.0,24.6,5.5,13.0,1.8,diminished_reserve,partner,69.3,68.0,0.0,0.0,0,0,0.1771,ng/mL,
76722,62,2019,39.0,35.0,24.4,6.1,3.0,8.6,male factor,partner,1.6,14.0,2.0,0.0,0,0,0.0895,ng/mL,1.15
60239,38,2019,37.0,38.0,27.3,,10.0,3.0,endometriosis,partner,27.8,46.0,1.0,1.0,0,0,0.271,ng/mL,2.36
92145,48,2013,24.0,20.0,28.4,,28.0,1.7,male_factor,partner,14.6,37.0,1.0,0.0,0,0,0.3999,ng/mL,17.33
67520,16,2016,27.0,25.0,28.1,3.8,24.0,6.5,ovulatory_pcos,partner,78.9,52.0,1.0,0.0,1,1,0.3931,ng/mL,
42425,1,2013,35.0,36.0,27.5,5.6,13.0,2.6,male_factor,partner,3.9,27.0,0.0,0.0,0,0,0.3098,ng/mL,
79322,43,2020,34.0,40.0,25.3,7.0,,0.5,male_factor,partner,1.0,9.0,1.0,0.0,0,1,0.2835,ng/mL,0.86
100560,15,2013,33.0,33.0,33.7,7.0,12.0,4.6,TUBAL,partner,100.7,71.0,0.0,0.0,0,0,0.2569,ng/mL,2.83
99990,21,2020,34.0,38.0,25.0,6.4,,7.8,unexplained,partner,20.5,41.0,0.0,1.0,0,1,0.4668,ng/mL,10.09
119978,21,2016,28.0,28.0,35.1,,,3.4,ovulatory_pcos,partner,79.0,64.0,1.0,0.0,0,0,0.3591,ng/mL,6.65
100521,56,2023,36.0,36.0,33.4,,4.0,4.0,ovulatory_pcos,partner,206.7,52.0,3.0,0.0,0,0,0.207,ng/mL,3.35
78733,36,2019,37.0,,34.3,,4.0,6.4,male_factor,donor,,,0.0,0.0,0,0,0.205,ng/mL,2.17
11327,38,2014,33.0,36.0,22.4,6.3,8.0,1.0,male_factor,partner,8.2,32.0,0.0,0.0,0,0,0.3656,ng/mL,3.04
118056,51,2017,32.0,31.0,26.4,8.4,9.0,5.2,unexplained,partner,137.2,47.0,0.0,0.0,1,1,0.3458,ng/mL,2.83
30150,26,2021,37.0,36.0,25.2,10.1,7.0,0.9,unexplained,partner,78.0,56.0,0.0,0.0,0,0,0.3308,pmol/L,12.85
14948,53,2023,30.0,38.0,29.3,7.6,,,unexplained,partner,41.2,54.0,0.0,0.0,1,0,0.3532,ng/mL,2.08
39190,58,2018,33.0,,25.6,5.8,,3.0,unexplained,donor,,,0.0,0.0,0,0,0.3973,pmol/L,14.71
106640,6,2015,31.0,26.0,32.3,3.5,11.0,3.3,unexplained,partner,44.1,150.0,4.0,0.0,0,1,0.2195,ng/mL,5.0
35142,3,2013,37.0,34.0,26.3,7.9,9.0,4.0,combined,partner,7.2,21.0,0.0,0.0,0,0,0.1505,pmol/L,10.28
116995,7,2017,44.0,33.0,25.4,4.3,16.0,,endometriosis,partner,51.2,54.0,3.0,0.0,1,0,0.0383,ng/mL,8.78
114474,54,2021,41.0,46.0,26.3,17.5,3.0,,diminished_reserve,partner,77.1,49.0,2.0,0.0,1,0,0.025,pmol/L,1.0
27220,12,2020,30.0,30.0,,,6.0,4.7,unexplained,partner,64.7,52.0,0.0,0.0,0,1,0.3443,ng/mL,1.56
44663,50,2021,31.0,29.0,25.8,5.3,7.0,1.2,endometriosis,partner,46.0,61.0,0.0,1.0,0,0,0.3791,ng/mL,2.07
17601,4,2017,39.0,,27.3,3.0,15.0,1.9,ovulatory_pcos,donor,,,0.0,0.0,0,0,0.2955,ng/mL,4.74
68412,46,2020,35.0,44.0,31.0,6.3,6.0,3.2,unexplained,partner,67.9,66.0,1.0,1.0,0,0,0.3254,ng/mL,1.41
62855,37,2013,30.0,37.0,24.5,8.8,,2.6,endometriosis,partner,19.7,56.0,0.0,0.0,0,0,0.2979,ng/mL,
58106,3,2022,35.0,37.0,25.3,5.9,20.0,2.0,UNEXPLAINED,partner,30.8,39.0,0.0,0.0,0,0,0.4975,pmol/L,89.25
71103,57,2022,37.0,41.0,24.7,6.8,4.0,2.4,diminished_reserve,partner,115.7,53.0,3.0,1.0,1,0,0.1728,ng/mL,1.76
117336,60,2021,34.0,35.0,35.5,,4.0,3.5,unexplained,partner,98.4,41.0,0.0,0.0,0,0,0.2366,pmol/L,5.07
55112,52,2013,28.0,27.0,32.5,6.9,7.0,4.1,unexplained,partner,7.8,53.0,2.0,0.0,0,0,0.2256,ng/mL,
87161,38,2021,37.0,31.0,23.9,,6.0,5.0,male_factor,partner,4.0,6.0,2.0,0.0,1,0,0.1708,ng/mL,2.99
99368,20,2022,30.0,31.0,29.3,8.0,23.0,,endometriosis,partner,53.5,37.0,2.0,0.0,0,0,0.2876,ng/mL,15.16
11412,19,2016,37.0,44.0,,6.0,,2.7,ovulatory_pcos,partner,167.1,65.0,0.0,0.0,0,1,0.227,ng/mL,5.56
89095,18,2017,33.0,33.0,25.7,4.8,4.0,5.6,unexplained,partner,34.3,69.0,4.0,0.0,0,0,0.2098,ng/mL,1.65
46391,25,2021,37.0,,25.3,,10.0,,combined,donor,,,1.0,0.0,0,1,0.2487,ng/mL,4.44
93200,23,2012,33.0,34.0,31.7,8.6,6.0,1.6,ovulatory_pcos,partner,95.4,58.0,0.0,1.0,0,0,0.3697,pmol/L,17.64
53372,29,2021,32.0,42.0,26.6,6.2,12.0,1.1,ovulatory_pcos,partner,30.0,71.0,0.0,1.0,0,1,0.648,pmol/L,101.53
19198,61,2017,37.0,44.0,23.6,8.4,7.0,1.9,endometriosis,partner,151.0,54.0,1.0,0.0,0,0,0.2317,ng/mL,1.59
52718,53,2012,36.0,28.0,24.9,11.5,1.0,3.5,male_factor,partner,4.2,30.0,2.0,1.0,0,0,0.2109,ng/mL,
75725,1,2020,30.0,28.0,27.2,,,,male_factor,partner,5.0,19.0,1.0,0.0,0,0,0.3249,ng/mL,4.16
402,37,2023,36.0,37.0,23.7,5.3,11.0,4.9,unexplained,partner,107.0,50.0,4.0,0.0,0,0,0.2452,ng/mL,3.27
73132,25,2014,26.0,24.0,99.0,,22.0,4.8,endometriosis,partner,,,0.0,1.0,0,0,0.4641,ng/mL,8.61
26784,22,2022,32.0,,25.1,11.1,,3.6,diminished_reserve,donor,,,0.0,1.0,0,1,0.2552,pmol/L,3.07
87,8,2018,33.0,29.0,,,7.0,2.1,endometriosis,partner,21.8,36.0,2.0,0.0,0,0,0.2155,ng/mL,1.66
102352,5,2016,34.0,,25.3,4.8,12.0,1.8,combined,donor,,,0.0,0.0,0,0,0.3502,ng/mL,
105095,8,2012,39.0,35.0,32.8,6.1,4.0,4.7,unexplained,partner,74.8,48.0,1.0,0.0,0,0,0.1111,ng/mL,1.41
55158,45,2014,35.0,40.0,25.9,7.2,7.0,1.8,male_factor,partner,9.3,15.0,0.0,1.0,0,0,0.2531,ng/mL,
37723,10,2012,37.0,45.0,26.4,,7.0,7.1,endometriosis,partner,100.8,43.0,2.0,1.0,0,1,0.224,ng/mL,3.3
4055,34,2022,38.0,40.0,23.3,7.4,1.0,2.9,male_factor,partner,22.3,22.0,2.0,0.0,1,0,0.1508,ng/mL,
103638,9,2020,31.0,39.0,24.3,6.5,,2.1,unexplained,partner,27.1,57.0,2.0,1.0,0,0,0.3973,ng/mL,
17297,26,2017,36.0,39.0,32.0,7.8,,2.3,male_factor,partner,3.5,22.0,1.0,1.0,0,0,0.3011,pmol/L,20.06
43325,25,2017,37.0,32.0,26.2,6.9,7.0,8.0,male_factor,partner,3.6,27.0,1.0,0.0,0,0,0.1656,ng/mL,3.48
54631,6,2014,33.0,37.0,,6.0,10.0,1.7,male_factor,partner,14.4,20.0,2.0,0.0,0,0,0.2419,ng/mL,
39807,13,2022,45.0,49.0,24.6,,4.0,10.0,tubal,partner,57.5,59.0,0.0,1.0,0,0,0.0187,ng/mL,0.39
83451,17,2013,34.0,34.0,24.2,6.6,15.0,3.5,unexplained,partner,63.8,41.0,1.0,0.0,0,1,0.3886,pmol/L,
94455,37,2015,33.0,28.0,29.9,9.2,,1.3,male_factor,partner,25.4,14.0,0.0,0.0,0,0,0.2148,ng/mL,0.73
22439,59,2012,36.0,36.0,32.6,11.2,4.0,9.6,male_factor,partner,65.6,21.0,1.0,1.0,0,0,0.1284,ng/mL,
38206,31,2022,32.0,43.0,25.7,,11.0,2.3,endometriosis,partner,65.1,37.0,0.0,0.0,0,0,0.4422,ng/mL,3.37
59646,55,2021,37.0,39.0,27.5,5.8,,7.2,tubal,partner,73.8,58.0,0.0,1.0,0,0,0.2018,ng/mL,0.93
25409,8,2013,35.0,32.0,21.7,7.8,7.0,1.1,combined,partner,4.3,25.0,0.0,0.0,0,0,0.3144,ng/mL,
105764,16,2016,30.0,26.0,28.4,5.9,10.0,1.0,combined,partner,7.0,31.0,0.0,1.0,0,0,0.4001,ng/mL,4.78
80594,25,2013,33.0,31.0,22.9,7.7,15.0,1.2,male_factor,partner,36.4,14.0,0.0,0.0,0,0,0.3378,ng/mL,2.39
39683,55,2021,39.0,41.0,25.9,7.8,7.0,3.4,tubal,partner,71.9,64.0,2.0,1.0,1,1,0.1487,ng/mL,1.51
112209,59,2021,28.0,34.0,28.6,,51.0,3.0,ovulatory_pcos,partner,40.7,42.0,1.0,0.0,0,1,0.4302,ng/mL,22.0
111783,6,2017,35.0,38.0,24.2,7.9,9.0,9.1,diminished_reserve,partner,83.1,44.0,1.0,0.0,0,0,0.1638,ng/mL,1.48
35717,45,2018,30.0,41.0,22.3,,13.0,3.8,male_factor,partner,8.7,8.0,0.0,0.0,0,0,0.4091,ng/mL,3.1
27362,18,2017,38.0,,22.5,7.7,6.0,2.8,unexplained,donor,,,0.0,1.0,1,0,0.2488,ng/mL,1.5
79171,7,2012,29.0,27.0,29.0,4.3,14.0,1.5,unexplained,partner,132.2,48.0,1.0,0.0,0,0,0.3892,ng/mL,
41395,51,2019,29.0,26.0,24.3,,11.0,2.2,tubal,partner,49.1,54.0,0.0,0.0,0,0,0.4949,ng/mL,4.34
39503,8,2016,41.0,43.0,26.5,10.7,,5.4,male_factor,partner,31.4,9.0,1.0,1.0,0,0,0.0798,ng/mL,0.93
31609,43,2019,33.0,29.0,26.2,13.3,14.0,2.0,male_factor,partner,10.7,9.0,1.0,0.0,0,0,0.3825,ng/mL,3.07
44722,46,2019,31.0,33.0,26.5,,17.0,3.2,ovulatory_pcos,partner,103.9,35.0,0.0,1.0,0,1,0.6008,ng/mL,13.04
67512,6,2014,41.0,43.0,26.0,6.3,2.0,5.1,ovulatory_pcos,partner,78.0,42.0,0.0,0.0,0,0,0.1082,ng/mL,2.95
33026,34,2016,44.0,43.0,26.7,,,4.2,ovulatory_pcos,partner,87.9,56.0,1.0,0.0,0,0,0.053,ng/mL,3.36
64722,61,2012,28.0,30.0,25.5,3.5,,1.8,unexplained,partner,100.7,62.0,1.0,0.0,0,0,0.429,ng/mL,
37796,45,2015,38.0,46.0,26.8,7.3,1.0,8.6,unexplained,partner,16.6,33.0,0.0,0.0,0,0,0.1866,ng/mL,
19696,61,2015,40.0,45.0,,6.3,6.0,3.6,unexplained,partner,58.9,61.0,0.0,1.0,0,1,0.2297,ng/mL,2.11
96986,12,2015,39.0,38.0,28.1,,,3.1,unexplained,partner,28.3,58.0,1.0,0.0,0,1,0.1614,ng/mL,2.08
115381,40,2022,39.0,44.0,27.1,8.6,4.0,3.4,unexplained,partner,29.9,55.0,1.0,0.0,0,0,0.0834,ng/mL,0.83
36799,18,2015,32.0,34.0,29.7,6.9,10.0,2.3,unexplained,partner,40.0,64.0,0.0,1.0,0,1,0.4509,ng/mL,4.4
91537,46,2021,34.0,30.0,23.4,4.8,6.0,3.3,unexplained,partner,52.1,64.0,0.0,0.0,0,0,0.3385,ng/mL,0.88
61053,41,2020,38.0,48.0,34.4,8.5,,2.5,tubal,partner,26.3,57.0,0.0,1.0,0,0,0.2135,ng/mL,1.52
86922,28,2012,41.0,35.0,30.5,5.8,,5.8,male_factor,partner,4.1,30.0,0.0,0.0,0,0,0.065,ng/mL,
85571,15,2022,35.0,44.0,23.2,,7.0,1.5,tubal,partner,61.6,41.0,0.0,0.0,0,0,0.2945,ng/mL,1.04
59843,46,2016,33.0,37.0,27.5,6.4,11.0,2.1,combined,partner,11.7,35.0,1.0,1.0,0,0,0.4005,ng/mL,5.86
83223,19,2018,40.0,,,,4.0,3.5,unexplained,donor,,,0.0,1.0,0,0,0.1463,ng/mL,1.79
74070,40,2023,39.0,42.0,23.6,13.3,2.0,4.6,DIMINISHED_RESERVE,partner,49.9,50.0,0.0,0.0,0,0,0.0481,ng/mL,0.12
10284,51,2017,33.0,35.0,31.5,,11.0,1.3,ovulatory_pcos,partner,31.8,60.0,1.0,0.0,0,1,0.4157,ng/mL,4.99
91385,15,2021,36.0,40.0,27.4,7.7,0.0,4.0,unexplained,partner,57.9,37.0,0.0,0.0,0,0,0.2556,ng/mL,1.88
37063,16,2013,33.0,39.0,,10.7,,0.5,unexplained,partner,80.3,63.0,3.0,1.0,0,0,0.3265,ng/mL,1.99
32221,33,2014,41.0,44.0,23.0,12.7,2.0,4.0,diminished_reserve,partner,101.0,33.0,0.0,0.0,0,0,0.0382,ng/mL,
106802,14,2012,30.0,31.0,23.5,7.9,7.0,2.9,diminished_reserve,partner,120.9,44.0,1.0,0.0,0,0,0.2179,ng/mL,0.52
5154,53,2022,41.0,38.0,24.9,,5.0,2.2,ovulatory_pcos,partner,56.7,45.0,0.0,1.0,0,0,0.2382,ng/mL,2.53
66318,1,2015,42.0,50.0,25.0,,4.0,6.5,unexplained,partner,89.5,62.0,3.0,0.0,0,0,0.0357,ng/mL,0.77
28668,44,2022,40.0,41.0,23.7,9.2,,1.6,UNEXPLAINED,partner,39.0,47.0,0.0,0.0,0,0,0.1979,ng/mL,2.25
98746,6,2013,46.0,46.0,24.9,12.4,,3.4,male_factor,partner,6.9,3.0,2.0,0.0,0,0,0.0089,ng/mL,
65501,32,2020,41.0,41.0,23.4,10.4,13.0,2.6,unexplained,partner,,,2.0,0.0,0,0,0.1112,pmol/L,7.21
24963,16,2018,37.0,36.0,27.3,10.7,7.0,2.5,unexplained,partner,29.7,56.0,1.0,2.0,0,0,0.2485,ng/mL,0.76
68937,36,2014,35.0,40.0,35.4,4.3,15.0,4.7,ovulatory_pcos,partner,69.1,72.0,3.0,0.0,0,0,0.265,ng/mL,
59405,41,2019,41.0,44.0,27.9,9.1,4.0,3.9,unexplained,partner,41.9,41.0,2.0,0.0,0,0,0.0745,ng/mL,0.96
94910,16,2017,32.0,39.0,28.9,,15.0,,male_factor,partner,76.0,19.0,1.0,0.0,0,1,0.3987,ng/mL,4.2
15415,49,2018,35.0,42.0,36.3,7.3,12.0,,endometriosis,partner,47.3,46.0,3.0,0.0,0,0,0.2317,ng/mL,3.81
112904,32,2013,35.0,32.0,25.1,5.2,8.0,4.2,unexplained,partner,33.7,51.0,0.0,0.0,0,1,0.3763,pmol/L,20.13
105895,48,2019,38.0,43.0,24.3,,2.0,1.6,unexplained,partner,58.6,28.0,1.0,0.0,0,0,0.1544,ng/mL,1.03
89355,39,2014,41.0,38.0,25.3,,8.0,2.4,male_factor,partner,4.0,11.0,1.0,0.0,0,1,0.1238,ng/mL,4.03
88277,45,2015,30.0,35.0,23.7,,12.0,2.4,tubal,partner,,,0.0,0.0,0,0,0.4578,ng/mL,3.15
7060,36,2022,35.0,39.0,26.6,,5.0,1.9,male_factor,partner,80.8,32.0,1.0,1.0,1,0,0.4016,ng/mL,3.12
107037,11,2012,39.0,46.0,,13.0,3.0,2.2,ovulatory_pcos,partner,31.7,52.0,0.0,0.0,0,0,0.1763,ng/mL,1.22
104428,5,2019,35.0,35.0,25.9,3.0,,,tubal,partner,63.3,50.0,2.0,0.0,0,0,0.2653,ng/mL,2.38
78432,3,2013,39.0,35.0,,5.1,,2.6,unexplained,partner,91.6,52.0,0.0,1.0,0,0,0.265,pmol/L,21.28
34069,10,2018,39.0,40.0,28.8,7.2,7.0,4.6,male_factor,partner,15.2,50.0,1.0,0.0,0,0,0.1474,ng/mL,1.32
36132,60,2014,32.0,33.0,26.5,,5.0,8.4,tubal,partner,93.6,42.0,1.0,0.0,0,1,0.3078,pmol/L,20.35
73169,32,2013,34.0,,26.2,8.2,6.0,,unexplained,donor,,,1.0,0.0,0,1,0.4135,pmol/L,
33195,27,2014,41.0,48.0,24.1,11.6,2.0,3.2,diminished_reserve,partner,73.4,57.0,1.0,0.0,0,0,0.0544,ng/mL,
99890,3,2018,36.0,36.0,28.7,12.4,6.0,8.2,unexplained,partner,64.7,61.0,0.0,0.0,0,0,0.2017,pmol/L,9.64
113540,57,2014,46.0,47.0,24.2,8.9,2.0,1.3,unexplained,partner,93.0,41.0,2.0,0.0,0,0,0.0152,ng/mL,
13615,26,2018,30.0,32.0,23.1,,17.0,1.3,endometriosis,partner,34.2,62.0,1.0,0.0,0,0,0.4619,pmol/L,38.48
830,24,2013,23.0,24.0,34.1,6.3,10.0,4.2,male_factor,partner,7.2,36.0,1.0,0.0,0,0,0.1686,ng/mL,
51560,17,2012,23.0,28.0,,4.6,21.0,9.3,male_factor,partner,38.5,26.0,0.0,0.0,0,0,0.4064,pmol/L,
1388,10,2012,30.0,35.0,27.1,8.3,6.0,3.2,tubal,partner,61.1,34.0,2.0,0.0,0,0,0.2604,ng/mL,
112101,62,2015,28.0,30.0,30.9,3.3,18.0,3.8,unexplained,partner,23.0,71.0,2.0,1.0,1,0,0.3695,ng/mL,10.98
55316,63,2018,35.0,32.0,,5.8,13.0,3.9,male_factor,partner,8.8,16.0,0.0,1.0,0,0,0.362,ng/mL,0.77
101504,39,2017,34.0,39.0,30.7,,12.0,1.4,ovulatory_pcos,partner,167.4,47.0,1.0,0.0,0,0,0.3965,ng/mL,7.15
59179,39,2017,39.0,42.0,24.2,6.7,6.0,15.0,tubal,partner,25.1,42.0,1.0,0.0,0,0,0.0874,ng/mL,1.14
74952,13,2015,36.0,38.0,25.1,5.7,,2.9,male_factor,partner,41.2,32.0,1.0,1.0,0,1,0.4197,ng/mL,
11948,39,2023,35.0,35.0,24.9,4.2,14.0,6.7,male_factor,partner,2.2,37.0,1.0,0.0,0,0,0.3275,ng/mL,4.15
74398,50,2017,39.0,44.0,30.0,5.1,6.0,8.6,male_factor,partner,2.0,29.0,2.0,1.0,0,0,0.097,ng/mL,
30375,19,2021,37.0,42.0,28.0,7.1,9.0,3.7,male_factor,partner,49.6,23.0,1.0,1.0,1,0,0.1755,ng/mL,
60391,61,2013,31.0,29.0,27.3,6.2,8.0,3.6,unexplained,partner,92.3,41.0,0.0,1.0,0,1,0.4825,ng/mL,
74208,50,2012,33.0,35.0,28.8,,8.0,,ovulatory_pcos,partner,91.3,47.0,0.0,0.0,0,0,0.3201,ng/mL,5.17
71891,64,2022,45.0,49.0,26.7,10.3,,4.3,male_factor,partner,7.2,24.0,1.0,0.0,0,0,0.0242,ng/mL,0.86
40164,3,2017,29.0,22.0,26.9,5.1,9.0,6.9,unexplained,partner,100.5,43.0,1.0,0.0,0,0,0.339,pmol/L,27.49
9292,46,2022,36.0,37.0,29.0,,10.0,2.8,unexplained,partner,79.3,54.0,2.0,0.0,0,0,0.2814,ng/mL,2.04
80907,15,2014,38.0,38.0,24.4,4.9,8.0,4.1,ovulatory_pcos,partner,94.1,55.0,2.0,0.0,0,0,0.2279,ng/mL,
8764,20,2017,32.0,31.0,26.2,12.7,10.0,3.1,unexplained,partner,39.2,53.0,0.0,0.0,0,0,0.3022,ng/mL,1.88
98085,55,2018,28.0,,27.1,7.4,9.0,0.9,male_factor,donor,,,0.0,1.0,0,0,0.5275,ng/mL,3.22
28229,6,2020,35.0,27.0,24.8,6.9,6.0,,endometriosis,partner,89.0,85.0,1.0,1.0,0,1,0.2793,ng/mL,2.04
34509,11,2014,39.0,50.0,25.0,10.1,5.0,3.8,tubal,partner,,,1.0,0.0,1,0,0.1012,ng/mL,
25765,21,2015,33.0,33.0,22.1,7.7,11.0,9.7,unexplained,partner,61.7,61.0,2.0,0.0,0,0,0.2317,ng/mL,1.62
93968,4,2016,32.0,38.0,24.5,4.3,13.0,3.1,unexplained,partner,30.7,48.0,1.0,0.0,0,1,0.3917,ng/mL,3.75
20762,5,2015,31.0,31.0,24.6,,3.0,4.9,MALE_FACTOR,partner,3.5,44.0,1.0,0.0,0,0,0.1983,ng/mL,1.87
11858,42,2022,36.0,36.0,24.2,5.8,,0.6,male_factor,partner,3.0,17.0,2.0,1.0,0,0,0.2655,pmol/L,9.71
5355,23,2023,35.0,,26.4,,9.0,9.9,endometriosis,donor,,,2.0,0.0,0,0,0.2762,pmol/L,64.47
17953,62,2020,44.0,53.0,,5.0,4.0,8.1,tubal,partner,38.6,46.0,0.0,0.0,0,0,0.0374,ng/mL,2.29
61295,53,2022,35.0,38.0,27.5,5.9,9.0,3.5,ovulatory_pcos,partner,28.0,59.0,0.0,0.0,0,1,0.4517,ng/mL,4.34
88472,45,2014,42.0,43.0,25.4,15.0,,3.5,tubal,partner,,,1.0,1.0,0,0,0.0512,ng/mL,0.21
9895,43,2022,38.0,35.0,30.5,4.3,,3.6,ovulatory_pcos,partner,102.6,43.0,1.0,0.0,0,1,0.2998,ng/mL,9.22
18969,9,2018,36.0,39.0,24.4,6.7,3.0,2.2,diminished_reserve,partner,178.2,55.0,0.0,0.0,0,0,0.2246,ng/mL,1.59
38465,11,2014,32.0,,26.8,5.1,13.0,2.4,unexplained,donor,,,0.0,0.0,0,1,0.4832,ng/mL,4.53
22593,15,2023,38.0,43.0,25.0,11.9,,1.7,diminished_reserve,partner,64.4,61.0,3.0,0.0,0,0,0.0721,ng/mL,0.36
19927,24,2012,39.0,36.0,25.6,6.8,4.0,1.1,tubal,partner,34.7,28.0,0.0,0.0,0,0,0.1441,ng/mL,
105074,18,2017,39.0,37.0,,12.3,3.0,,diminished_reserve,partner,82.0,61.0,0.0,0.0,0,0,0.0934,ng/mL,0.63
10569,36,2014,30.0,36.0,28.1,5.6,12.0,7.3,unexplained,partner,115.5,49.0,1.0,0.0,0,0,0.3485,ng/mL,
110628,21,2022,38.0,41.0,26.1,6.0,7.0,2.2,ovulatory_pcos,partner,60.0,54.0,1.0,1.0,0,0,0.3424,ng/mL,3.55
6185,30,2014,40.0,40.0,31.3,12.3,3.0,1.3,endometriosis,partner,131.9,55.0,1.0,0.0,1,0,0.0455,ng/mL,
66948,39,2016,34.0,37.0,25.2,14.6,7.0,1.1,male_factor,partner,14.1,30.0,1.0,1.0,0,1,0.3194,ng/mL,0.82
88969,11,2020,34.0,33.0,28.2,11.8,9.0,6.4,tubal,partner,74.9,33.0,1.0,0.0,0,0,0.2814,ng/mL,1.6
96728,62,2021,37.0,27.0,28.4,,5.0,2.2,male_factor,partner,,,0.0,1.0,0,0,0.2112,ng/mL,0.65
12119,58,2023,38.0,,28.9,6.5,6.0,1.8,unexplained,donor,,,0.0,0.0,0,1,0.2114,pmol/L,4.64
33011,10,2014,35.0,34.0,26.3,9.6,12.0,3.9,tubal,partner,30.7,35.0,1.0,0.0,0,1,0.3841,ng/mL,
82017,47,2019,43.0,52.0,25.3,,5.0,2.1,male_factor,partner,14.5,25.0,1.0,1.0,0,0,0.0498,pmol/L,5.36
109075,7,2023,40.0,42.0,27.9,9.2,,2.3,male_factor,partner,27.9,13.0,1.0,1.0,0,0,0.1638,ng/mL,1.71
27326,12,2020,24.0,20.0,30.0,,17.0,2.8,unexplained,partner,87.6,59.0,1.0,0.0,0,0,0.4253,ng/mL,4.37
471,28,2019,37.0,41.0,33.8,,2.0,3.3,combined,partner,3.2,30.0,3.0,0.0,0,1,0.0667,ng/mL,0.72
24310,64,2014,27.0,33.0,30.5,9.4,9.0,1.2,diminished_reserve,partner,110.0,71.0,1.0,0.0,0,1,0.2724,ng/mL,
87857,27,2021,33.0,41.0,25.6,7.8,6.0,5.0,unexplained,partner,33.3,32.0,2.0,1.0,0,0,0.3094,ng/mL,2.49
40588,30,2015,34.0,39.0,23.3,,4.0,15.0,unexplained,partner,30.7,60.0,2.0,0.0,1,0,0.1329,ng/mL,2.91
33167,25,2020,31.0,33.0,23.3,3.0,17.0,3.0,unexplained,partner,67.7,81.0,0.0,1.0,0,1,0.5166,ng/mL,10.06
90179,16,2015,34.0,31.0,23.6,11.2,10.0,6.5,combined,partner,7.4,28.0,1.0,0.0,0,0,0.1761,ng/mL,0.9
85508,31,2021,38.0,43.0,22.8,8.0,4.0,6.8,unexplained,partner,27.4,48.0,1.0,1.0,0,1,0.2675,ng/mL,1.82
54222,1,2019,35.0,34.0,29.2,,8.0,,unexplained,partner,30.1,39.0,1.0,0.0,0,1,0.3068,ng/mL,2.63
83132,34,2015,29.0,33.0,29.6,5.7,5.0,3.4,unexplained,partner,78.7,56.0,2.0,1.0,0,0,0.3514,ng/mL,2.85
73591,27,2022,31.0,33.0,22.1,10.4,11.0,1.7,unexplained,partner,70.9,61.0,2.0,0.0,0,1,0.3115,ng/mL,2.2
23972,22,2016,35.0,37.0,28.5,7.9,11.0,6.2,tubal,partner,94.4,43.0,2.0,0.0,0,0,0.3117,pmol/L,46.27
63818,33,2013,37.0,37.0,22.8,7.8,12.0,1.8,unexplained,partner,44.6,59.0,1.0,1.0,0,0,0.3447,ng/mL,2.91
51947,47,2021,37.0,41.0,27.2,,3.0,5.4,male_factor,partner,17.7,24.0,1.0,0.0,0,0,0.1743,pmol/L,8.78
59051,23,2021,30.0,35.0,99.0,10.2,,4.7,ovulatory_pcos,partner,38.9,40.0,0.0,0.0,0,0,0.3251,pmol/L,40.56
9445,15,2014,41.0,42.0,22.2,12.2,6.0,6.9,male_factor,partner,22.4,30.0,0.0,1.0,0,0,0.107,ng/mL,
73858,23,2019,39.0,45.0,26.9,,4.0,3.6,unexplained,partner,58.9,69.0,2.0,0.0,0,0,0.1185,pmol/L,8.78
97866,46,2023,29.0,32.0,22.2,4.6,12.0,4.1,male_factor,partner,5.2,21.0,1.0,1.0,1,0,0.4258,ng/mL,3.95
4972,18,2013,28.0,28.0,30.9,,17.0,1.4,unexplained,partner,30.5,53.0,2.0,0.0,0,0,0.3607,ng/mL,4.88
8853,61,2016,30.0,34.0,25.2,10.5,11.0,7.9,unexplained,partner,65.7,32.0,2.0,1.0,0,0,0.3301,ng/mL,1.25
4677,24,2019,37.0,33.0,25.7,6.7,4.0,1.3,unexplained,partner,88.6,36.0,2.0,0.0,0,0,0.187,ng/mL,2.16
98584,44,2012,30.0,35.0,24.5,4.9,,2.8,male_factor,partner,5.4,21.0,0.0,0.0,0,0,0.3684,ng/mL,
20324,50,2019,25.0,,32.1,6.0,13.0,6.5,tubal,donor,,,0.0,0.0,1,0,0.2422,ng/mL,
94655,45,2021,31.0,37.0,22.9,,11.0,2.2,male_factor,partner,4.9,27.0,1.0,0.0,0,1,0.3901,ng/mL,2.58
108246,10,2021,40.0,41.0,25.5,5.1,19.0,7.2,ovulatory_pcos,partner,120.8,67.0,0.0,0.0,0,0,0.2682,ng/mL,19.62
84076,8,2019,34.0,45.0,33.6,5.4,,5.8,ovulatory_pcos,partner,47.3,35.0,0.0,1.0,0,1,0.4176,ng/mL,5.93
91374,59,2016,36.0,33.0,23.8,9.5,13.0,2.0,combined,partner,2.5,23.0,1.0,0.0,1,0,0.1741,ng/mL,3.33
105233,40,2015,37.0,45.0,26.2,5.9,6.0,3.7,male_factor,partner,22.8,28.0,0.0,0.0,1,0,0.136,ng/mL,1.93
118786,15,2017,35.0,40.0,27.9,6.2,7.0,2.7,unexplained,partner,44.3,71.0,0.0,0.0,0,0,0.2739,ng/mL,
1348,46,2015,32.0,34.0,27.2,5.3,5.0,5.5,male_factor,partner,22.4,28.0,0.0,1.0,0,0,0.374,ng/mL,1.72
48258,47,2019,31.0,,25.6,4.7,14.0,1.2,unexplained,donor,,,0.0,0.0,0,0,0.5299,pmol/L,48.69
42617,51,2019,33.0,35.0,,6.0,,3.7,tubal,partner,16.2,61.0,0.0,0.0,0,1,0.4503,ng/mL,6.14
30634,4,2022,32.0,38.0,26.1,13.0,2.0,2.3,diminished_reserve,partner,88.5,59.0,0.0,0.0,0,1,0.2418,ng/mL,0.86
91239,47,2020,36.0,35.0,24.5,4.9,6.0,6.8,tubal,partner,46.3,61.0,1.0,1.0,0,1,0.3411,pmol/L,20.13
49591,51,2016,28.0,27.0,28.2,4.8,22.0,1.4,ovulatory_pcos,partner,39.0,45.0,3.0,1.0,0,1,0.5277,ng/mL,7.23
41830,38,2013,39.0,40.0,24.2,7.6,2.0,,unexplained,partner,38.7,5.0,3.0,0.0,0,0,0.1076,ng/mL,
22223,10,2021,37.0,33.0,26.3,,11.0,5.8,male_factor,partner,7.0,40.0,1.0,1.0,1,1,0.2679,ng/mL,3.53
69687,38,2015,34.0,35.0,22.9,7.8,3.0,5.1,tubal,partner,50.0,67.0,2.0,1.0,0,1,0.2618,ng/mL,0.97
1225,39,2019,31.0,34.0,24.1,10.0,6.0,2.7,diminished_reserve,partner,50.1,48.0,0.0,0.0,0,0,0.2516,ng/mL,
66252,55,2014,38.0,47.0,23.6,6.2,,2.4,diminished_reserve,partner,38.2,58.0,0.0,0.0,0,0,0.1982,ng/mL,3.86
84558,33,2023,26.0,28.0,24.5,,18.0,1.1,unexplained,partner,86.0,48.0,0.0,0.0,0,0,0.5552,ng/mL,13.22
6683,18,2023,29.0,34.0,25.1,8.4,,2.4,tubal,partner,85.8,36.0,1.0,0.0,0,0,0.3894,ng/mL,
73958,56,2016,33.0,35.0,,4.9,18.0,2.0,ovulatory_pcos,partner,60.4,65.0,2.0,1.0,0,1,0.4243,ng/mL,6.73
23736,36,2013,38.0,45.0,,6.4,3.0,5.3,ENDOMETRIOSIS,partner,83.4,63.0,2.0,0.0,0,0,0.1251,ng/mL,
76391,17,2020,33.0,,29.9,4.3,7.0,5.6,endometriosis,donor,,,0.0,0.0,0,1,0.2485,pmol/L,10.14
84942,10,2018,41.0,41.0,28.1,8.1,2.0,5.2,unexplained,partner,102.6,60.0,0.0,0.0,0,1,0.0748,ng/mL,0.57
84974,51,2021,39.0,,23.4,8.7,,5.8,male_factor,donor,,,0.0,0.0,0,0,0.2475,ng/mL,
27127,55,2017,37.0,36.0,23.9,,3.0,1.6,unexplained,partner,38.5,57.0,2.0,0.0,0,1,0.1697,ng/mL,0.52
90158,46,2014,37.0,38.0,26.4,6.8,5.0,4.8,unexplained,partner,9.9,63.0,0.0,0.0,0,0,0.2048,ng/mL,
23144,63,2018,32.0,42.0,24.9,5.4,16.0,4.3,unexplained,partner,49.3,54.0,0.0,0.0,0,0,0.5072,ng/mL,7.52
96989,17,2021,34.0,36.0,30.0,6.0,24.0,3.7,ovulatory_pcos,partner,41.8,33.0,0.0,0.0,1,0,0.3985,pmol/L,112.67
55828,15,2012,35.0,41.0,27.7,9.4,15.0,2.2,male_factor,partner,26.6,15.0,0.0,0.0,0,0,0.341,ng/mL,
49892,64,2017,34.0,37.0,22.9,5.0,8.0,2.4,tubal,partner,38.9,58.0,3.0,0.0,0,0,0.3562,ng/mL,2.27
92101,48,2021,33.0,,23.6,6.3,8.0,1.8,tubal,donor,,,1.0,1.0,0,1,0.3504,ng/mL,
16223,37,2019,37.0,42.0,25.5,6.8,6.0,3.4,diminished_reserve,partner,48.0,40.0,1.0,0.0,0,0,0.1519,ng/mL,1.07
60993,56,2020,35.0,41.0,26.6,5.7,,4.8,ovulatory_pcos,partner,27.3,53.0,0.0,0.0,0,0,0.4005,ng/mL,6.47
71545,1,2019,36.0,42.0,30.1,7.9,8.0,2.1,unexplained,partner,19.6,48.0,4.0,0.0,1,0,0.1711,ng/mL,2.64
119562,60,2023,38.0,36.0,28.0,8.1,5.0,10.0,diminished_reserve,partner,69.0,35.0,1.0,0.0,0,0,0.1131,pmol/L,6.28
18708,51,2023,37.0,42.0,22.5,13.7,9.0,3.3,unexplained,partner,118.7,62.0,1.0,0.0,0,0,0.2694,ng/mL,1.37
59092,7,2016,37.0,37.0,24.7,,6.0,2.8,male_factor,partner,7.4,1.0,0.0,1.0,0,1,0.2692,ng/mL,1.88
97764,23,2017,34.0,31.0,32.0,,17.0,3.2,male_factor,partner,15.0,35.0,5.0,0.0,0,0,0.2197,pmol/L,42.27
83474,24,2019,33.0,35.0,27.9,,11.0,1.8,unexplained,partner,100.0,86.0,0.0,1.0,0,1,0.4034,ng/mL,3.99
42621,6,2012,37.0,37.0,26.1,7.3,8.0,4.0,combined,partner,2.2,25.0,1.0,0.0,0,0,0.1052,ng/mL,1.16
81990,17,2018,38.0,44.0,23.8,8.1,4.0,1.7,male_factor,partner,,,0.0,0.0,0,0,0.1912,pmol/L,12.42
118552,54,2018,32.0,32.0,25.9,5.6,5.0,1.3,tubal,partner,59.4,52.0,1.0,0.0,0,0,0.3159,pmol/L,
68216,9,2017,30.0,30.0,25.9,5.1,13.0,7.1,male_factor,partner,7.3,25.0,1.0,0.0,0,1,0.3227,ng/mL,7.67
46571,50,2020,28.0,20.0,24.4,6.0,6.0,5.2,ovulatory_pcos,partner,42.2,42.0,0.0,0.0,0,0,0.383,ng/mL,3.36
114972,37,2015,44.0,36.0,21.6,7.9,5.0,3.8,tubal,partner,108.0,46.0,2.0,0.0,0,0,0.0326,ng/mL,1.33
88797,13,2018,32.0,27.0,27.9,,7.0,2.9,male_factor,partner,4.6,32.0,2.0,0.0,0,0,0.3122,ng/mL,2.8
48864,38,2012,35.0,37.0,32.1,5.2,10.0,3.6,ovulatory_pcos,partner,71.8,64.0,1.0,1.0,0,0,0.3755,ng/mL,
55303,48,2023,39.0,46.0,28.3,10.7,,1.3,diminished_reserve,partner,50.6,59.0,0.0,0.0,0,0,0.0855,ng/mL,0.76
35403,35,2019,38.0,41.0,26.6,13.6,3.0,3.4,diminished_reserve,partner,84.1,47.0,0.0,0.0,0,0,0.0927,ng/mL,0.13
71371,1,2015,41.0,41.0,23.8,10.1,2.0,2.0,diminished reserve,partner,83.3,62.0,1.0,0.0,0,0,0.0415,ng/mL,0.45
73340,23,2019,36.0,41.0,31.5,7.8,6.0,3.3,male_factor,partner,19.2,23.0,1.0,0.0,0,0,0.1823,pmol/L,11.42
103189,1,2017,32.0,31.0,32.3,3.6,16.0,1.5,ovulatory_pcos,partner,42.8,51.0,0.0,0.0,0,0,0.4318,ng/mL,8.03
66367,52,2012,38.0,48.0,29.0,7.7,9.0,,MALE_FACTOR,partner,3.6,29.0,1.0,1.0,0,1,0.1623,ng/mL,1.18
106428,47,2013,35.0,31.0,27.8,6.5,3.0,3.4,tubal,partner,64.0,51.0,0.0,0.0,0,1,0.3196,pmol/L,
27189,2,2018,28.0,30.0,22.7,7.1,12.0,6.5,male_factor,partner,48.0,16.0,2.0,0.0,0,0,0.3555,ng/mL,
49036,18,2020,34.0,41.0,,5.6,,1.9,unexplained,partner,12.1,66.0,1.0,0.0,1,0,0.3201,ng/mL,3.49
19008,2,2018,39.0,45.0,23.2,10.4,5.0,3.2,unexplained,partner,82.3,59.0,0.0,0.0,0,0,0.1544,ng/mL,
40538,47,2022,39.0,43.0,24.9,4.2,8.0,3.0,endometriosis,partner,66.6,54.0,1.0,0.0,0,0,0.1987,pmol/L,20.49
82120,47,2017,43.0,36.0,25.6,5.6,,3.8,ovulatory_pcos,partner,43.3,38.0,2.0,0.0,0,0,0.0653,pmol/L,14.14
33760,23,2021,33.0,39.0,23.9,,8.0,1.9,male_factor,partner,9.3,23.0,2.0,0.0,0,0,0.3364,pmol/L,36.63
22260,46,2022,31.0,30.0,,8.9,,2.5,unexplained,partner,71.3,54.0,0.0,0.0,1,0,0.3303,ng/mL,1.27
119901,55,2023,36.0,42.0,23.3,12.8,5.0,1.2,diminished_reserve,partner,79.0,43.0,0.0,1.0,0,1,0.2567,ng/mL,0.6
53027,38,2012,32.0,36.0,25.5,6.3,5.0,1.3,MALE_FACTOR,partner,6.4,15.0,1.0,1.0,0,1,0.3257,ng/mL,1.67
6449,35,2015,33.0,39.0,25.5,,,2.1,ovulatory_pcos,partner,19.7,38.0,1.0,0.0,0,1,0.4547,ng/mL,14.02
93352,58,2012,32.0,26.0,23.0,5.0,11.0,2.1,combined,partner,44.2,23.0,0.0,0.0,0,1,0.3923,pmol/L,
60408,52,2014,39.0,42.0,25.3,6.5,6.0,4.5,unexplained,partner,34.5,75.0,0.0,1.0,0,0,0.2757,ng/mL,
102498,56,2015,43.0,43.0,27.5,7.8,2.0,1.3,diminished_reserve,partner,21.7,54.0,1.0,0.0,1,0,0.022,ng/mL,0.72
8361,58,2013,31.0,29.0,23.0,6.8,6.0,3.4,unexplained,partner,44.8,77.0,0.0,0.0,0,0,0.3646,pmol/L,
43569,1,2015,33.0,38.0,26.8,6.3,,2.2,endometriosis,partner,29.2,41.0,0.0,0.0,0,0,0.3916,ng/mL,5.38
23441,29,2013,36.0,43.0,22.6,8.1,5.0,5.5,unexplained,partner,40.1,70.0,2.0,0.0,0,0,0.2418,pmol/L,
58698,32,2014,31.0,35.0,26.7,4.4,13.0,2.4,unexplained,partner,17.9,60.0,0.0,0.0,0,0,0.4044,pmol/L,
102626,39,2021,37.0,42.0,27.4,10.8,1.0,4.5,combined,partner,3.7,30.0,0.0,0.0,0,0,0.1407,ng/mL,
51566,22,2019,38.0,44.0,26.3,5.7,6.0,1.6,unexplained,partner,18.3,32.0,1.0,0.0,0,0,0.1945,pmol/L,
66130,24,2017,37.0,30.0,22.7,8.8,7.0,2.6,endometriosis,partner,94.0,56.0,2.0,0.0,0,0,0.1406,ng/mL,
24924,39,2013,33.0,40.0,26.2,6.7,8.0,3.7,tubal,partner,73.2,60.0,0.0,0.0,1,0,0.2992,ng/mL,
101348,49,2023,40.0,37.0,25.9,,16.0,1.6,unexplained,partner,69.5,31.0,1.0,0.0,0,1,0.273,ng/mL,5.3
35806,48,2013,30.0,37.0,23.7,7.1,12.0,3.7,tubal,partner,30.6,57.0,0.0,1.0,0,0,0.4524,ng/mL,
108072,37,2023,31.0,25.0,24.3,5.6,11.0,2.9,unexplained,partner,66.8,54.0,0.0,0.0,0,0,0.3994,ng/mL,2.28
31462,17,2017,26.0,25.0,25.4,5.4,6.0,1.5,unexplained,partner,53.0,51.0,0.0,1.0,0,1,0.4728,pmol/L,15.14
45081,6,2015,40.0,40.0,27.2,4.9,7.0,2.7,ovulatory_pcos,partner,136.4,61.0,1.0,0.0,0,0,0.179,ng/mL,9.78
84435,4,2021,37.0,35.0,23.8,7.3,15.0,2.4,combined,partner,,,0.0,2.0,0,1,0.3215,ng/mL,4.53
75417,53,2019,39.0,40.0,25.7,7.3,5.0,4.2,combined,partner,5.5,16.0,1.0,0.0,0,0,0.155,ng/mL,3.55
81589,28,2022,27.0,29.0,29.0,,8.0,1.6,UNEXPLAINED,partner,20.0,59.0,1.0,2.0,0,1,0.4333,ng/mL,2.87
106705,12,2015,46.0,,25.3,10.0,5.0,3.1,endometriosis,donor,,,2.0,0.0,0,0,0.0194,ng/mL,1.49
87187,61,2012,43.0,,25.4,9.7,,5.9,unexplained,donor,,,2.0,0.0,0,0,0.0536,ng/mL,1.37
7960,18,2017,34.0,38.0,23.3,6.0,13.0,2.3,tubal,partner,32.9,55.0,0.0,0.0,0,1,0.4415,ng/mL,6.03
84129,51,2015,39.0,49.0,24.7,6.9,3.0,4.2,male_factor,partner,5.4,20.0,1.0,1.0,0,1,0.1558,ng/mL,
98877,54,2015,31.0,36.0,24.9,,4.0,1.8,unexplained,partner,103.4,50.0,2.0,0.0,0,0,0.2947,pmol/L,15.71
113233,33,2019,29.0,26.0,,11.6,7.0,3.3,unexplained,partner,122.6,67.0,1.0,0.0,0,0,0.3409,ng/mL,1.82
20955,2,2017,28.0,29.0,26.1,7.3,6.0,3.3,male_factor,partner,6.7,29.0,0.0,0.0,0,0,0.3508,ng/mL,4.26
71325,44,2021,39.0,49.0,23.3,20.1,4.0,1.1,DIMINISHED_RESERVE,partner,23.6,60.0,0.0,0.0,0,0,0.1074,ng/mL,0.67
68217,61,2022,34.0,34.0,23.2,8.5,5.0,,unexplained,partner,22.9,63.0,0.0,0.0,0,1,0.3384,ng/mL,0.62
114531,47,2015,37.0,38.0,28.4,999.0,5.0,5.2,male_factor,partner,34.9,39.0,0.0,0.0,1,0,0.1827,pmol/L,11.21
98213,7,2013,32.0,31.0,32.1,5.6,7.0,6.2,unexplained,partner,56.0,65.0,1.0,0.0,0,1,0.2661,ng/mL,4.15
78267,42,2019,36.0,33.0,26.2,8.7,4.0,6.3,tubal,partner,22.5,48.0,1.0,0.0,1,0,0.1649,pmol/L,11.28
10505,40,2015,38.0,37.0,22.9,10.0,7.0,1.2,tubal,partner,85.8,52.0,2.0,0.0,1,0,0.1096,ng/mL,1.57
100409,30,2021,37.0,47.0,33.3,4.8,18.0,2.5,ovulatory_pcos,partner,23.1,44.0,0.0,0.0,0,0,0.252,ng/mL,11.72
15733,25,2017,34.0,,30.5,6.5,10.0,4.1,unexplained,donor,,,1.0,0.0,0,0,0.2231,ng/mL,1.23
88973,52,2023,39.0,33.0,22.3,15.5,3.0,1.4,diminished_reserve,partner,44.2,66.0,2.0,1.0,0,0,0.0906,ng/mL,0.36
53945,51,2012,31.0,44.0,26.1,8.1,7.0,5.4,tubal,partner,60.5,67.0,2.0,0.0,0,1,0.3137,ng/mL,
6495,34,2022,36.0,31.0,30.1,10.7,4.0,4.4,diminished_reserve,partner,20.9,59.0,1.0,0.0,1,0,0.0825,ng/mL,0.41
49984,56,2014,36.0,39.0,32.9,,,8.2,unexplained,partner,73.7,30.0,1.0,1.0,0,0,0.1726,ng/mL,1.27
97901,35,2020,34.0,41.0,,5.8,11.0,1.6,ovulatory_pcos,partner,114.5,49.0,1.0,0.0,0,0,0.4488,ng/mL,4.72
19956,19,2020,37.0,,23.8,8.3,,4.3,male_factor,donor,,,3.0,0.0,0,0,0.1689,ng/mL,2.18
68095,12,2016,34.0,37.0,,6.2,11.0,6.1,ovulatory_pcos,partner,62.1,60.0,0.0,0.0,0,0,0.4005,ng/mL,4.14
33965,19,2012,32.0,,30.0,5.1,7.0,5.6,tubal,donor,,,0.0,0.0,0,0,0.2368,ng/mL,3.56
4017,60,2021,42.0,47.0,23.7,14.4,3.0,3.5,endometriosis,partner,39.9,41.0,1.0,0.0,0,0,0.0771,pmol/L,10.28
75826,36,2014,32.0,31.0,26.4,7.4,12.0,2.0,male_factor,partner,9.6,32.0,2.0,0.0,1,0,0.2894,ng/mL,4.37
54196,20,2016,44.0,50.0,28.3,,5.0,2.0,ENDOMETRIOSIS,partner,69.9,57.0,0.0,0.0,0,0,0.0303,ng/mL,2.01
47142,37,2023,30.0,42.0,25.9,8.2,15.0,2.1,male_factor,partner,4.3,16.0,0.0,0.0,0,0,0.3881,ng/mL,3.32
70354,15,2022,38.0,,30.5,16.7,2.0,1.7,diminished_reserve,donor,,,2.0,2.0,0,0,0.1321,ng/mL,
63334,26,2018,37.0,39.0,27.3,,9.0,4.7,unexplained,partner,115.6,36.0,1.0,0.0,0,1,0.2869,pmol/L,23.85
118602,3,2019,32.0,27.0,26.7,,11.0,,ovulatory pcos,partner,67.5,49.0,2.0,0.0,1,0,0.322,pmol/L,50.62
76779,7,2023,44.0,49.0,25.2,,2.0,2.2,unexplained,partner,86.3,64.0,1.0,0.0,0,0,0.03,ng/mL,0.54
22963,58,2020,38.0,46.0,26.5,5.6,10.0,2.6,unexplained,partner,31.9,51.0,0.0,1.0,0,0,0.3136,pmol/L,16.21
81498,16,2020,25.0,31.0,22.6,7.6,16.0,2.9,male_factor,partner,59.8,13.0,0.0,0.0,0,1,0.4972,ng/mL,3.58
100779,53,2013,30.0,35.0,28.8,6.5,10.0,1.3,unexplained,partner,40.7,49.0,2.0,0.0,1,0,0.3367,ng/mL,4.95
38628,49,2017,32.0,46.0,26.8,4.9,14.0,4.3,unexplained,partner,68.8,62.0,0.0,0.0,0,1,0.4444,ng/mL,6.99
85126,50,2014,28.0,34.0,28.4,2.9,26.0,1.7,ovulatory_pcos,partner,31.9,66.0,0.0,0.0,0,0,0.4592,ng/mL,
27398,62,2016,38.0,41.0,28.1,9.0,,4.6,male_factor,partner,10.7,28.0,0.0,0.0,0,0,0.1391,ng/mL,1.27
88286,20,2022,33.0,43.0,26.2,4.7,,1.2,ovulatory_pcos,partner,101.0,59.0,2.0,0.0,0,0,0.3923,ng/mL,12.7
34102,29,2016,38.0,40.0,28.9,10.5,3.0,4.5,unexplained,partner,69.2,47.0,1.0,1.0,0,0,0.2109,pmol/L,3.71
59330,26,2018,41.0,38.0,23.6,10.5,4.0,5.6,tubal,partner,41.1,58.0,1.0,0.0,0,0,0.1145,pmol/L,12.71
119583,34,2020,31.0,37.0,27.0,,10.0,2.1,unexplained,partner,74.2,39.0,1.0,0.0,0,0,0.3966,ng/mL,3.66
44217,26,2017,35.0,39.0,27.8,7.5,4.0,2.6,unexplained,partner,112.6,51.0,2.0,0.0,0,0,0.2481,pmol/L,
78109,19,2018,35.0,38.0,24.7,6.7,10.0,3.9,combined,partner,7.9,25.0,1.0,0.0,0,1,0.2025,ng/mL,4.56
41850,35,2014,32.0,36.0,22.5,4.3,4.0,5.9,tubal,partner,31.0,59.0,0.0,0.0,1,0,0.2785,ng/mL,2.45
73051,17,2013,35.0,43.0,29.3,6.6,10.0,4.0,unexplained,partner,98.0,56.0,1.0,1.0,0,1,0.3543,pmol/L,23.85
92670,50,2014,33.0,,23.2,,10.0,1.0,combined,donor,,,0.0,0.0,0,0,0.3894,ng/mL,8.43
65732,38,2020,29.0,30.0,23.8,6.0,12.0,3.0,tubal,partner,103.2,59.0,1.0,0.0,0,0,0.3841,ng/mL,2.63
111126,48,2015,38.0,39.0,29.2,7.8,2.0,1.1,tubal,partner,110.0,62.0,1.0,0.0,0,0,0.1235,ng/mL,
117709,35,2019,41.0,48.0,23.3,8.5,10.0,5.3,unexplained,partner,81.6,50.0,1.0,0.0,0,0,0.0994,ng/mL,1.41
90416,57,2016,38.0,31.0,25.2,7.9,11.0,1.4,unexplained,partner,95.8,59.0,0.0,0.0,0,1,0.2671,ng/mL,
43150,13,2015,37.0,41.0,25.5,5.4,6.0,3.2,tubal,partner,31.7,34.0,2.0,1.0,0,0,0.2869,ng/mL,1.89
112424,21,2023,38.0,40.0,24.0,13.3,7.0,2.3,unexplained,partner,26.4,58.0,2.0,0.0,1,0,0.1409,ng/mL,
113589,26,2016,26.0,33.0,29.8,6.3,15.0,14.0,unexplained,partner,29.7,30.0,0.0,0.0,0,0,0.3397,pmol/L,59.26
13303,6,2022,45.0,43.0,22.2,,0.0,4.4,combined,partner,3.2,5.0,1.0,0.0,0,0,0.0141,ng/mL,1.02
59915,53,2013,34.0,39.0,33.4,6.1,7.0,10.0,tubal,partner,59.3,64.0,0.0,0.0,0,0,0.2143,ng/mL,2.0
55288,28,2014,35.0,32.0,26.4,5.9,5.0,4.3,unexplained,partner,93.6,56.0,1.0,0.0,0,1,0.3243,ng/mL,
81888,44,2020,39.0,38.0,24.6,6.9,6.0,2.2,ovulatory_pcos,partner,37.3,68.0,1.0,0.0,0,0,0.2011,ng/mL,1.8
55339,53,2023,46.0,51.0,26.3,14.8,5.0,2.8,male_factor,partner,7.3,21.0,0.0,1.0,0,0,0.0228,ng/mL,0.83
46059,62,2016,35.0,37.0,30.0,4.7,10.0,2.4,unexplained,partner,65.2,42.0,3.0,1.0,0,0,0.3425,ng/mL,4.35
19522,47,2017,29.0,24.0,33.5,9.1,9.0,,unexplained,partner,70.1,72.0,1.0,1.0,0,1,0.2893,pmol/L,4.78
102709,37,2013,27.0,30.0,25.9,6.1,7.0,1.7,male_factor,partner,18.2,14.0,0.0,1.0,1,0,0.3622,ng/mL,2.71
27801,60,2019,36.0,39.0,34.4,9.8,4.0,1.4,male_factor,partner,8.1,33.0,0.0,0.0,0,0,0.1891,pmol/L,4.0
18736,18,2021,44.0,51.0,28.2,14.8,6.0,2.5,unexplained,partner,30.8,52.0,2.0,1.0,0,0,0.0482,ng/mL,1.89
29174,40,2012,42.0,40.0,23.6,12.8,3.0,3.6,tubal,partner,67.5,45.0,2.0,0.0,0,0,0.0395,ng/mL,1.14
34882,5,2012,40.0,42.0,25.4,,4.0,1.9,male_factor,partner,5.5,20.0,1.0,0.0,1,0,0.0481,ng/mL,0.52
68910,64,2021,34.0,34.0,23.3,4.6,10.0,,endometriosis,partner,96.9,50.0,2.0,0.0,1,1,0.3217,ng/mL,4.51
21581,16,2013,24.0,26.0,24.2,,15.0,8.1,male_factor,partner,6.3,38.0,1.0,0.0,0,0,0.3336,ng/mL,3.25
45525,11,2014,28.0,28.0,23.9,6.4,6.0,1.5,male_factor,partner,14.2,43.0,0.0,1.0,0,0,0.4709,ng/mL,
8976,30,2013,43.0,50.0,24.5,4.2,11.0,,ovulatory_pcos,partner,,,0.0,0.0,0,1,0.0692,ng/mL,6.44
44548,40,2018,29.0,33.0,23.0,4.7,14.0,2.0,male_factor,partner,15.6,46.0,1.0,0.0,0,1,0.3586,ng/mL,6.27
45381,40,2019,30.0,26.0,24.2,4.6,11.0,0.8,male_factor,partner,6.8,24.0,0.0,0.0,0,1,0.3499,ng/mL,6.27
24644,35,2020,25.0,32.0,30.3,5.2,14.0,3.1,ovulatory_pcos,partner,56.8,47.0,1.0,0.0,0,1,0.4427,ng/mL,6.59
102847,3,2014,36.0,36.0,29.5,5.1,18.0,2.6,ovulatory_pcos,partner,39.2,44.0,0.0,1.0,0,1,0.4376,pmol/L,
54152,58,2017,35.0,40.0,26.2,6.2,10.0,6.2,unexplained,partner,51.0,57.0,0.0,0.0,0,1,0.2629,pmol/L,4.14
49763,20,2015,25.0,,24.5,4.7,,0.7,unexplained,donor,,,1.0,1.0,0,0,0.5069,ng/mL,4.64
3975,15,2013,32.0,36.0,27.4,5.2,10.0,2.4,ovulatory_pcos,partner,29.4,60.0,0.0,0.0,0,0,0.3814,ng/mL,
39760,59,2018,29.0,38.0,,8.2,10.0,2.5,combined,partner,7.0,34.0,1.0,0.0,0,0,0.2042,ng/mL,1.91
34481,40,2016,33.0,27.0,25.2,6.0,,,male_factor,partner,6.1,29.0,4.0,0.0,0,0,0.1212,ng/mL,1.2
4615,10,2015,32.0,34.0,26.0,2.8,17.0,1.7,male_factor,partner,21.8,48.0,0.0,0.0,0,1,0.5086,ng/mL,
60560,46,2021,34.0,36.0,,6.0,6.0,1.4,endometriosis,partner,41.5,58.0,2.0,0.0,0,1,0.3187,ng/mL,1.89
117218,50,2014,38.0,41.0,32.4,7.0,2.0,2.7,male_factor,partner,11.2,14.0,1.0,0.0,0,0,0.0883,ng/mL,
33235,24,2012,30.0,34.0,28.8,5.9,,,male_factor,partner,7.5,24.0,0.0,0.0,0,0,0.2972,ng/mL,
54933,37,2023,27.0,31.0,25.7,,15.0,5.0,tubal,partner,27.3,76.0,2.0,0.0,0,0,0.3653,ng/mL,3.64
27541,53,2020,31.0,32.0,27.2,6.5,11.0,3.9,unexplained,partner,23.8,56.0,0.0,0.0,0,1,0.4354,ng/mL,3.55
52018,62,2015,36.0,33.0,25.6,17.1,1.0,2.8,UNEXPLAINED,partner,153.2,59.0,0.0,0.0,0,0,0.2197,ng/mL,0.5
48143,41,2013,34.0,35.0,,,4.0,1.1,diminished_reserve,partner,42.0,46.0,0.0,2.0,0,0,0.2991,ng/mL,1.4
30983,25,2018,33.0,42.0,30.5,5.4,11.0,3.8,ovulatory_pcos,partner,49.5,36.0,1.0,0.0,1,0,0.2761,ng/mL,6.53
73433,40,2021,39.0,44.0,23.8,15.4,5.0,1.1,male_factor,partner,12.5,1.0,1.0,0.0,0,0,0.1074,ng/mL,
11569,24,2015,36.0,32.0,27.2,,3.0,1.6,male_factor,partner,2.7,16.0,1.0,0.0,0,0,0.1695,ng/mL,1.93
57248,62,2013,31.0,35.0,30.6,3.2,15.0,5.0,ovulatory_pcos,partner,54.9,51.0,0.0,0.0,1,0,0.335,ng/mL,
58846,19,2016,38.0,44.0,26.6,7.3,12.0,5.2,combined,partner,15.7,16.0,2.0,0.0,0,0,0.0918,ng/mL,3.28
55458,3,2023,33.0,40.0,25.6,9.7,13.0,3.2,unexplained,partner,40.3,61.0,1.0,0.0,0,1,0.3332,pmol/L,10.64
102136,26,2013,28.0,25.0,26.5,3.7,18.0,6.2,unexplained,partner,41.8,52.0,0.0,1.0,0,1,0.5262,pmol/L,41.91
51612,31,2022,35.0,27.0,28.2,9.0,12.0,1.1,male_factor,partner,3.4,27.0,1.0,0.0,0,0,0.3991,ng/mL,
88723,34,2016,35.0,37.0,27.3,7.4,10.0,3.4,tubal,partner,51.3,57.0,1.0,0.0,0,0,0.2699,ng/mL,1.52
97986,5,2022,30.0,35.0,25.5,7.8,6.0,1.5,male_factor,partner,48.6,37.0,0.0,0.0,0,0,0.3413,ng/mL,
99711,1,2021,35.0,42.0,25.0,6.7,6.0,4.1,male_factor,partner,5.2,28.0,2.0,0.0,0,0,0.3057,ng/mL,4.66
43726,18,2020,39.0,38.0,29.2,7.3,7.0,8.5,unexplained,partner,53.0,53.0,2.0,0.0,0,0,0.1003,ng/mL,
112118,53,2015,35.0,33.0,,,,1.8,unexplained,partner,187.7,40.0,1.0,0.0,0,0,0.2537,ng/mL,1.01
24584,37,2021,26.0,27.0,25.5,4.2,18.0,2.1,unexplained,partner,34.5,40.0,0.0,0.0,0,1,0.5092,ng/mL,7.26
96976,2,2021,32.0,38.0,24.1,5.3,10.0,0.9,tubal,partner,50.6,34.0,1.0,0.0,0,0,0.387,ng/mL,3.29
96805,62,2023,37.0,37.0,25.9,7.0,5.0,4.4,unexplained,partner,47.5,58.0,2.0,1.0,0,0,0.2768,ng/mL,2.28
40028,11,2014,36.0,32.0,25.3,5.2,10.0,2.1,male_factor,partner,11.7,32.0,3.0,0.0,0,0,0.2542,ng/mL,
5542,10,2017,37.0,38.0,28.5,6.8,7.0,1.3,male_factor,partner,20.5,28.0,0.0,0.0,0,0,0.2672,ng/mL,2.06
20543,56,2023,30.0,38.0,24.1,,11.0,4.5,male_factor,partner,1.3,21.0,0.0,0.0,0,0,0.3751,ng/mL,4.21
99229,3,2022,31.0,35.0,29.8,5.0,13.0,3.5,endometriosis,partner,42.1,29.0,1.0,0.0,0,0,0.3286,pmol/L,
112212,43,2012,38.0,45.0,27.3,8.8,2.0,3.1,tubal,partner,48.6,53.0,1.0,0.0,0,0,0.1624,ng/mL,1.2
70251,17,2016,32.0,33.0,27.4,,12.0,1.4,ovulatory pcos,partner,114.8,38.0,0.0,1.0,0,0,0.5347,pmol/L,58.98
86020,53,2023,38.0,30.0,24.6,,5.0,2.8,unexplained,partner,98.7,48.0,1.0,0.0,0,0,0.2276,ng/mL,1.29
89924,63,2018,34.0,38.0,30.4,,11.0,1.6,male_factor,partner,20.0,31.0,2.0,1.0,0,0,0.4286,ng/mL,3.78
19661,29,2014,35.0,33.0,26.2,12.0,5.0,,male_factor,partner,,,1.0,1.0,0,0,0.3008,pmol/L,5.43
53868,28,2018,31.0,35.0,32.0,,,1.7,combined,partner,42.5,33.0,0.0,1.0,0,0,0.2563,ng/mL,0.78
60523,60,2018,37.0,40.0,27.8,7.2,8.0,2.7,ovulatory_pcos,partner,19.5,37.0,0.0,1.0,0,0,0.4209,pmol/L,33.42
74515,21,2012,33.0,34.0,26.3,9.0,5.0,4.3,diminished_reserve,partner,51.7,86.0,1.0,1.0,0,0,0.2453,ng/mL,1.12
55651,11,2016,36.0,31.0,22.7,10.5,10.0,2.9,male_factor,partner,4.8,55.0,2.0,0.0,0,0,0.2484,ng/mL,1.64
64707,17,2020,28.0,22.0,30.9,4.2,,4.7,tubal,partner,95.8,51.0,2.0,0.0,1,0,0.2317,pmol/L,20.06
94285,35,2022,30.0,34.0,28.9,4.2,12.0,3.2,ovulatory_pcos,partner,24.5,61.0,0.0,0.0,0,0,0.4646,ng/mL,6.99
92791,14,2013,41.0,44.0,23.6,9.2,4.0,2.6,male_factor,partner,6.5,35.0,1.0,0.0,0,0,0.0841,ng/mL,1.2
88965,45,2017,39.0,38.0,25.5,3.3,,3.5,ovulatory_pcos,partner,52.1,67.0,1.0,0.0,0,0,0.3037,ng/mL,
30317,28,2017,28.0,30.0,28.9,4.8,10.0,1.5,unexplained,partner,12.6,75.0,1.0,0.0,0,1,0.39,ng/mL,6.48
90057,30,2023,40.0,48.0,22.1,4.0,14.0,4.7,unexplained,partner,141.7,30.0,3.0,0.0,0,0,0.14,ng/mL,11.28
46196,54,2015,33.0,44.0,23.5,8.0,13.0,,endometriosis,partner,41.6,47.0,1.0,0.0,0,1,0.2661,pmol/L,11.35
101261,25,2022,34.0,33.0,24.4,4.9,4.0,1.3,unexplained,partner,15.1,48.0,1.0,0.0,0,0,0.2794,ng/mL,1.58
104187,57,2017,36.0,36.0,24.1,4.8,8.0,1.3,unexplained,partner,46.4,57.0,0.0,0.0,0,0,0.3412,ng/mL,2.22
77991,39,2020,36.0,36.0,34.1,6.0,10.0,2.2,unexplained,partner,29.1,45.0,0.0,1.0,0,0,0.3521,ng/mL,3.49
118901,50,2017,37.0,38.0,,7.5,12.0,8.0,male_factor,partner,6.8,25.0,1.0,1.0,0,1,0.2054,ng/mL,3.01
19323,10,2012,41.0,46.0,33.5,5.8,11.0,3.5,ovulatory_pcos,partner,99.1,51.0,1.0,0.0,0,0,0.127,ng/mL,
48310,34,2022,31.0,28.0,29.1,8.1,7.0,2.3,unexplained,partner,152.0,60.0,2.0,2.0,0,0,0.3763,ng/mL,2.41
85384,31,2012,32.0,24.0,27.3,5.6,,4.9,male_factor,partner,21.2,8.0,1.0,1.0,0,1,0.3974,ng/mL,
51236,45,2021,36.0,43.0,32.0,,7.0,3.6,unexplained,partner,29.2,71.0,1.0,0.0,0,1,0.245,ng/mL,1.69
35067,14,2018,32.0,33.0,28.5,5.7,8.0,5.1,male factor,partner,5.3,23.0,4.0,0.0,0,1,0.1786,ng/mL,1.51
8789,64,2020,29.0,32.0,26.5,5.5,12.0,,male_factor,partner,7.6,21.0,2.0,1.0,0,0,0.4715,ng/mL,
108059,11,2016,38.0,32.0,25.6,6.3,,,unexplained,partner,83.7,37.0,3.0,0.0,0,0,0.1827,ng/mL,1.55
6716,19,2016,30.0,27.0,25.4,7.8,13.0,4.6,unexplained,partner,71.9,24.0,1.0,0.0,0,0,0.2853,ng/mL,3.48
105449,35,2014,43.0,50.0,23.3,9.3,4.0,5.6,male_factor,partner,4.5,30.0,2.0,0.0,0,0,0.025,ng/mL,
68509,30,2023,42.0,46.0,22.8,6.7,4.0,4.7,unexplained,partner,51.8,55.0,0.0,1.0,1,0,0.0687,ng/mL,1.45
106789,6,2015,34.0,37.0,26.1,10.6,4.0,4.2,male_factor,partner,5.4,17.0,1.0,0.0,0,0,0.1949,ng/mL,1.49
32813,16,2022,31.0,32.0,23.6,5.9,10.0,1.2,unexplained,partner,70.1,27.0,1.0,0.0,1,1,0.4247,ng/mL,6.5
2822,36,2016,36.0,30.0,,7.3,,3.7,unexplained,partner,68.1,45.0,0.0,0.0,0,0,0.2513,ng/mL,2.66
60381,59,2020,33.0,35.0,22.7,,,2.5,male_factor,partner,6.1,26.0,0.0,0.0,0,0,0.2657,ng/mL,1.57
78818,56,2018,33.0,37.0,26.7,,,3.7,unexplained,partner,35.5,67.0,1.0,0.0,0,1,0.2664,ng/mL,1.43
102522,51,2020,26.0,29.0,22.7,4.1,14.0,4.9,tubal,partner,86.1,50.0,0.0,0.0,0,1,0.5094,ng/mL,7.47
56037,44,2022,34.0,29.0,25.2,4.2,,4.3,male factor,partner,29.0,13.0,1.0,0.0,1,0,0.3028,ng/mL,4.87
40744,11,2023,32.0,41.0,28.9,5.3,15.0,1.5,unexplained,partner,55.8,52.0,1.0,1.0,0,0,0.526,ng/mL,4.86
43688,33,2013,36.0,40.0,23.8,4.3,12.0,7.5,tubal,partner,115.3,51.0,0.0,0.0,0,0,0.3165,ng/mL,
31335,45,2014,34.0,45.0,29.6,2.9,4.0,3.0,ovulatory_pcos,partner,115.1,74.0,1.0,0.0,0,1,0.3853,ng/mL,8.69
35450,2,2014,37.0,37.0,26.1,7.0,9.0,1.3,tubal,partner,83.8,57.0,0.0,0.0,1,1,0.2501,ng/mL,4.26
14932,8,2019,42.0,,23.3,5.3,6.0,1.8,unexplained,donor,,,1.0,1.0,0,1,0.1321,ng/mL,1.46
85416,59,2015,28.0,29.0,21.9,4.2,9.0,2.5,tubal,partner,71.0,45.0,1.0,0.0,0,0,0.3507,ng/mL,3.99
90766,61,2014,34.0,41.0,28.5,5.9,7.0,3.2,male_factor,partner,17.1,51.0,1.0,0.0,0,0,0.3442,ng/mL,
64276,53,2015,42.0,45.0,22.8,4.5,,10.2,unexplained,partner,54.4,31.0,0.0,1.0,0,1,0.1124,ng/mL,3.15
50166,46,2013,32.0,29.0,27.6,6.3,,4.1,endometriosis,partner,140.8,50.0,2.0,0.0,0,0,0.3059,ng/mL,
88228,56,2017,38.0,,25.9,5.6,8.0,4.5,unexplained,donor,,,0.0,1.0,0,0,0.3259,ng/mL,3.97
18356,59,2015,37.0,46.0,28.7,6.7,6.0,1.7,tubal,partner,31.0,38.0,1.0,0.0,0,0,0.1816,ng/mL,2.49
108375,6,2023,40.0,45.0,23.6,11.1,6.0,3.7,tubal,partner,261.2,55.0,1.0,0.0,0,0,0.1182,ng/mL,1.51
104024,54,2015,37.0,37.0,99.0,5.9,5.0,2.3,male_factor,partner,28.0,23.0,1.0,0.0,1,0,0.2191,pmol/L,38.63
56844,57,2022,34.0,39.0,26.3,,5.0,3.2,male_factor,partner,7.6,31.0,1.0,1.0,0,1,0.3062,ng/mL,1.2
80701,7,2023,43.0,43.0,26.9,12.9,6.0,9.7,male_factor,partner,3.3,36.0,1.0,0.0,0,0,0.0166,ng/mL,0.33
102998,21,2022,32.0,35.0,27.4,5.3,8.0,4.4,male_factor,partner,3.3,25.0,0.0,0.0,0,0,0.3435,ng/mL,3.63
96511,55,2021,35.0,33.0,28.5,9.5,2.0,5.2,combined,partner,6.3,16.0,1.0,0.0,0,0,0.1446,ng/mL,1.0
99022,7,2015,29.0,37.0,22.2,4.1,20.0,,MALE_FACTOR,partner,21.8,33.0,0.0,0.0,0,1,0.5129,ng/mL,19.94
36667,29,2022,31.0,36.0,24.5,5.1,5.0,1.8,unexplained,partner,60.9,63.0,2.0,0.0,0,1,0.4662,pmol/L,26.35
57727,21,2016,27.0,26.0,25.1,4.8,,1.6,ovulatory_pcos,partner,52.9,41.0,1.0,1.0,0,0,0.5689,ng/mL,
110483,26,2019,34.0,42.0,40.6,4.1,13.0,6.2,ovulatory_pcos,partner,65.7,49.0,1.0,0.0,0,1,0.2881,pmol/L,86.39
88710,9,2021,37.0,33.0,22.2,5.6,10.0,2.5,unexplained,partner,30.6,38.0,2.0,1.0,0,0,0.3021,ng/mL,2.3
17898,41,2021,37.0,42.0,25.0,12.2,4.0,2.3,unexplained,partner,32.0,49.0,0.0,0.0,0,0,0.2689,ng/mL,0.98
16853,26,2020,38.0,40.0,28.5,6.7,8.0,4.5,tubal,partner,49.6,59.0,0.0,0.0,0,0,0.2342,pmol/L,15.92
77995,6,2017,33.0,30.0,24.6,,11.0,3.3,unexplained,partner,39.5,47.0,1.0,1.0,0,0,0.4287,ng/mL,5.78
47687,56,2022,30.0,41.0,,5.9,12.0,1.8,unexplained,partner,136.5,46.0,1.0,0.0,1,1,0.3336,ng/mL,2.31
89768,45,2014,46.0,41.0,30.7,9.7,2.0,3.2,unexplained,partner,81.0,69.0,1.0,1.0,0,0,0.013,ng/mL,
41473,45,2016,41.0,45.0,23.7,7.0,5.0,3.9,combined,partner,9.4,34.0,2.0,1.0,0,0,0.096,ng/mL,1.78
24254,17,2013,34.0,36.0,22.4,4.4,14.0,2.8,unexplained,partner,45.3,56.0,1.0,1.0,0,1,0.4712,pmol/L,43.63
6592,60,2017,43.0,39.0,26.7,7.9,4.0,4.5,unexplained,partner,86.2,62.0,4.0,0.0,0,0,0.0501,pmol/L,14.57
107777,64,2023,40.0,46.0,29.3,,,2.4,ovulatory_pcos,partner,96.0,66.0,0.0,0.0,0,0,0.3033,ng/mL,6.71
96370,5,2019,37.0,40.0,29.3,8.6,3.0,3.5,tubal,partner,28.1,60.0,0.0,1.0,0,0,0.2556,ng/mL,4.44
33990,12,2017,32.0,33.0,30.3,9.7,5.0,1.4,unexplained,partner,26.4,42.0,0.0,0.0,0,0,0.1909,ng/mL,0.34
114255,42,2020,37.0,39.0,22.8,7.1,7.0,8.5,unexplained,partner,38.5,44.0,1.0,0.0,1,0,0.1595,pmol/L,13.99
4189,7,2015,32.0,36.0,28.3,4.3,10.0,1.4,unexplained,partner,38.6,61.0,1.0,0.0,0,1,0.3521,ng/mL,3.18
11866,55,2017,34.0,33.0,27.2,6.1,,7.9,male factor,partner,5.1,26.0,0.0,0.0,0,0,0.289,ng/mL,
18210,46,2018,30.0,32.0,27.6,6.9,16.0,1.5,tubal,partner,35.5,59.0,0.0,0.0,0,1,0.4478,ng/mL,2.82
6977,44,2012,38.0,39.0,,9.2,8.0,5.8,unexplained,partner,150.1,69.0,1.0,0.0,1,0,0.19,ng/mL,7.22
74218,24,2013,39.0,,22.8,5.1,4.0,2.1,unexplained,donor,,,1.0,1.0,0,1,0.206,ng/mL,
112704,26,2018,27.0,27.0,26.5,6.8,8.0,1.2,unexplained,partner,45.4,62.0,0.0,1.0,0,1,0.5558,pmol/L,25.2
119997,26,2021,37.0,34.0,22.4,,9.0,3.4,unexplained,partner,26.3,35.0,2.0,0.0,0,0,0.321,pmol/L,36.7
78327,34,2022,36.0,40.0,25.8,5.6,8.0,2.8,unexplained,partner,54.3,38.0,0.0,1.0,0,0,0.4471,ng/mL,4.36
118926,54,2018,36.0,37.0,23.0,7.8,5.0,2.2,unexplained,partner,77.5,62.0,0.0,0.0,0,0,0.237,pmol/L,5.64
57915,63,2016,34.0,,23.7,,,3.4,male factor,donor,,,1.0,0.0,0,0,0.4321,ng/mL,2.58
16431,58,2023,29.0,34.0,27.3,5.3,11.0,,male_factor,partner,7.6,33.0,1.0,0.0,0,0,0.4028,pmol/L,33.2
105610,12,2017,36.0,29.0,24.7,12.4,2.0,,combined,partner,9.5,29.0,2.0,0.0,0,0,0.1394,ng/mL,0.69
70239,12,2021,34.0,49.0,23.8,9.8,8.0,4.5,unexplained,partner,67.0,36.0,0.0,0.0,0,0,0.3246,ng/mL,1.79
10801,60,2017,35.0,37.0,30.2,24.9,2.0,2.3,diminished_reserve,partner,206.3,33.0,0.0,0.0,0,0,0.1548,pmol/L,
108383,55,2015,35.0,37.0,25.7,,4.0,12.0,unexplained,partner,45.4,44.0,1.0,0.0,0,0,0.1607,ng/mL,0.65
56226,47,2014,34.0,35.0,27.6,7.1,3.0,2.5,tubal,partner,73.8,48.0,1.0,1.0,0,1,0.3283,pmol/L,
23090,52,2018,40.0,43.0,21.9,12.5,1.0,4.5,male_factor,partner,23.3,27.0,2.0,0.0,0,0,0.1074,ng/mL,
52358,55,2019,35.0,28.0,22.4,12.7,1.0,2.5,unexplained,partner,28.9,52.0,0.0,0.0,0,0,0.266,ng/mL,0.53
12261,57,2018,37.0,41.0,28.7,10.3,12.0,8.5,unexplained,partner,69.3,58.0,1.0,0.0,0,0,0.2146,ng/mL,3.3
55432,35,2019,39.0,39.0,22.6,7.3,4.0,10.1,male_factor,partner,8.6,28.0,1.0,1.0,0,0,0.1027,ng/mL,0.59
25165,45,2021,41.0,44.0,27.9,8.7,6.0,1.9,ovulatory_pcos,partner,16.2,59.0,0.0,0.0,1,0,0.1359,ng/mL,
83458,29,2012,44.0,41.0,24.5,14.7,3.0,3.0,diminished_reserve,partner,114.7,56.0,0.0,0.0,0,0,0.0226,pmol/L,
47236,2,2016,40.0,40.0,25.7,7.8,8.0,3.9,unexplained,partner,27.7,46.0,1.0,0.0,0,0,0.1642,ng/mL,3.64
8525,10,2013,42.0,46.0,26.7,,2.0,2.2,male factor,partner,2.7,4.0,0.0,1.0,0,0,0.0922,ng/mL,1.72
65700,5,2022,28.0,30.0,30.5,5.1,8.0,3.4,ovulatory_pcos,partner,38.3,53.0,0.0,1.0,0,1,0.3963,ng/mL,3.77
90377,12,2016,46.0,44.0,23.0,,5.0,4.5,unexplained,partner,280.0,44.0,3.0,1.0,0,0,0.0164,ng/mL,0.76
102789,18,2014,34.0,39.0,25.3,6.2,13.0,4.7,unexplained,partner,62.6,39.0,0.0,0.0,0,0,0.3592,ng/mL,2.54
38968,58,2022,38.0,35.0,29.5,,7.0,2.6,unexplained,partner,63.7,52.0,2.0,0.0,0,0,0.1837,pmol/L,11.78
91212,37,2016,43.0,42.0,25.4,12.8,,2.2,tubal,partner,50.3,52.0,1.0,0.0,0,0,0.0542,ng/mL,1.39
85247,3,2017,34.0,34.0,24.2,5.0,,2.5,unexplained,partner,39.2,50.0,1.0,0.0,0,0,0.4336,pmol/L,47.91
73380,34,2016,33.0,,23.6,7.3,9.0,2.8,unexplained,donor,,,1.0,0.0,0,0,0.3069,ng/mL,0.98
117396,13,2013,39.0,34.0,28.0,6.3,17.0,1.1,ovulatory_pcos,partner,62.8,41.0,2.0,1.0,0,1,0.3302,ng/mL,
1972,37,2013,34.0,35.0,23.7,7.5,13.0,6.3,unexplained,partner,148.1,67.0,0.0,0.0,0,1,0.3776,ng/mL,6.47
109628,30,2018,28.0,32.0,26.5,6.3,10.0,,ovulatory_pcos,partner,41.2,60.0,0.0,0.0,0,1,0.3833,ng/mL,3.6
17707,9,2017,38.0,39.0,25.4,3.6,16.0,2.4,male_factor,partner,3.8,12.0,0.0,1.0,0,1,0.3365,ng/mL,13.45
115730,2,2016,33.0,40.0,22.8,999.0,14.0,4.0,UNEXPLAINED,partner,65.8,44.0,1.0,0.0,0,0,0.3655,ng/mL,4.11
19837,10,2013,28.0,33.0,30.9,,3.0,1.0,male_factor,partner,5.1,21.0,0.0,0.0,0,1,0.2839,ng/mL,1.69
113212,4,2021,39.0,,24.5,3.9,3.0,,male_factor,donor,,,0.0,0.0,0,1,0.1491,ng/mL,0.9
49985,14,2022,30.0,29.0,28.2,4.0,8.0,4.9,combined,partner,6.7,11.0,1.0,0.0,0,0,0.2615,ng/mL,3.32
90225,16,2023,34.0,34.0,25.0,7.6,9.0,5.0,endometriosis,partner,41.9,72.0,2.0,1.0,1,0,0.3125,ng/mL,2.59
73876,46,2019,36.0,34.0,26.4,5.5,,1.8,tubal,partner,44.5,64.0,1.0,0.0,0,0,0.2469,ng/mL,0.84
2599,4,2014,26.0,,24.7,3.6,,2.1,male_factor,donor,,,1.0,0.0,0,0,0.4423,ng/mL,2.74
31342,26,2014,39.0,40.0,22.7,5.4,,4.3,unexplained,partner,47.4,59.0,1.0,0.0,0,1,0.1327,pmol/L,
93313,63,2021,34.0,39.0,25.1,6.3,10.0,4.8,tubal,partner,88.2,29.0,2.0,0.0,0,1,0.3481,ng/mL,2.2
97604,3,2012,33.0,39.0,24.8,7.5,,1.6,male_factor,partner,5.6,30.0,3.0,0.0,1,0,0.1874,pmol/L,
100097,29,2021,28.0,24.0,32.4,5.0,14.0,4.8,ovulatory_pcos,partner,74.2,39.0,0.0,0.0,0,0,0.4983,pmol/L,
61708,32,2015,43.0,39.0,25.5,7.1,4.0,3.8,unexplained,partner,,,0.0,0.0,0,0,0.0498,pmol/L,5.14
56714,22,2023,25.0,30.0,27.1,,8.0,0.9,diminished_reserve,partner,38.0,56.0,1.0,1.0,0,0,0.379,pmol/L,9.85
11914,60,2018,33.0,45.0,23.4,10.2,7.0,2.5,combined,partner,6.9,38.0,1.0,1.0,0,0,0.3303,pmol/L,13.78
84459,6,2016,31.0,36.0,22.0,,15.0,2.4,male_factor,partner,29.8,29.0,0.0,0.0,1,1,0.3631,ng/mL,5.06
57171,42,2012,42.0,46.0,25.5,6.7,8.0,9.1,ovulatory_pcos,partner,87.8,60.0,2.0,0.0,0,0,0.0572,pmol/L,
29280,56,2020,42.0,50.0,34.4,7.4,11.0,4.0,unexplained,partner,34.7,52.0,3.0,0.0,0,0,0.0496,ng/mL,2.92
106955,36,2012,37.0,40.0,23.7,7.7,,4.1,UNEXPLAINED,partner,43.4,44.0,0.0,1.0,0,1,0.2449,ng/mL,
18876,15,2023,36.0,38.0,23.4,7.9,8.0,2.8,male_factor,partner,21.1,27.0,2.0,0.0,0,1,0.2744,ng/mL,2.75
18004,36,2019,32.0,34.0,24.5,10.6,8.0,5.0,male_factor,partner,2.6,8.0,2.0,0.0,0,1,0.2569,ng/mL,1.91
13637,11,2019,38.0,36.0,25.6,6.6,10.0,2.4,unexplained,partner,33.9,48.0,0.0,0.0,0,1,0.2656,ng/mL,1.59
105726,42,2015,34.0,34.0,27.2,6.1,7.0,6.3,tubal,partner,70.6,72.0,0.0,0.0,0,0,0.2524,pmol/L,12.92
21718,29,2023,36.0,43.0,27.2,6.7,6.0,3.6,unexplained,partner,82.0,26.0,0.0,0.0,0,0,0.3375,pmol/L,10.5
63708,59,2018,32.0,40.0,26.8,3.5,12.0,3.5,MALE_FACTOR,partner,7.9,31.0,0.0,0.0,0,0,0.3291,ng/mL,5.01
77938,39,2022,30.0,,27.0,5.5,18.0,2.7,male_factor,donor,,,2.0,0.0,0,1,0.469,ng/mL,8.76
100630,46,2019,37.0,40.0,22.9,6.7,5.0,1.5,male_factor,partner,5.6,29.0,1.0,1.0,0,0,0.332,ng/mL,2.54
114264,23,2022,32.0,,28.5,5.6,15.0,,unexplained,donor,,,0.0,1.0,0,1,0.539,pmol/L,
9960,7,2013,27.0,43.0,24.1,6.8,27.0,4.6,male_factor,partner,4.7,30.0,1.0,0.0,0,0,0.3793,ng/mL,
10226,58,2020,37.0,32.0,26.2,5.0,8.0,1.4,combined,partner,25.5,56.0,1.0,0.0,0,0,0.279,pmol/L,25.85
79728,10,2020,38.0,44.0,22.8,4.9,9.0,8.9,tubal,partner,29.3,64.0,1.0,0.0,0,0,0.1986,ng/mL,2.65
30968,37,2013,35.0,38.0,24.0,,3.0,4.1,diminished_reserve,partner,65.6,51.0,0.0,0.0,0,0,0.1967,ng/mL,0.85
111727,52,2023,38.0,42.0,32.1,10.2,,5.7,combined,partner,6.8,13.0,0.0,1.0,0,0,0.1323,ng/mL,1.5
38196,47,2020,41.0,47.0,26.8,8.8,3.0,7.8,unexplained,partner,27.9,46.0,1.0,0.0,0,0,0.0613,pmol/L,5.93
102412,64,2015,37.0,37.0,24.9,4.8,,,male_factor,partner,6.4,24.0,1.0,0.0,0,0,0.2818,ng/mL,4.95
70031,64,2014,36.0,44.0,27.4,,5.0,4.6,male_factor,partner,14.7,38.0,0.0,0.0,0,0,0.174,ng/mL,0.39
52081,35,2022,22.0,22.0,24.1,8.5,13.0,,endometriosis,partner,157.7,42.0,0.0,0.0,0,0,0.5135,ng/mL,5.79
55347,20,2018,39.0,29.0,26.3,,,3.7,diminished_reserve,partner,107.1,35.0,2.0,1.0,0,0,0.134,ng/mL,1.97
74641,10,2021,29.0,33.0,26.9,4.0,13.0,1.6,ovulatory_pcos,partner,77.8,54.0,0.0,0.0,0,0,0.5385,ng/mL,10.41
56776,19,2013,31.0,31.0,23.4,7.5,11.0,4.8,tubal,partner,103.0,69.0,2.0,0.0,0,0,0.2294,ng/mL,
98708,54,2022,39.0,38.0,29.6,4.6,11.0,4.7,unexplained,partner,58.5,62.0,1.0,0.0,0,0,0.1583,pmol/L,17.71
59217,29,2017,34.0,36.0,25.3,9.1,3.0,1.6,endometriosis,partner,29.1,45.0,0.0,1.0,0,1,0.404,pmol/L,7.43
109975,35,2016,33.0,,,7.6,8.0,3.6,male_factor,donor,,,3.0,0.0,0,0,0.3097,ng/mL,5.05
108823,20,2023,32.0,37.0,26.6,,13.0,2.1,unexplained,partner,45.6,64.0,0.0,1.0,0,0,0.4857,ng/mL,6.7
110308,25,2014,39.0,45.0,26.0,9.1,4.0,1.6,diminished_reserve,partner,91.0,60.0,3.0,0.0,0,0,0.0612,ng/mL,
4260,21,2016,33.0,44.0,24.2,4.7,9.0,3.0,tubal,partner,51.7,55.0,1.0,0.0,1,0,0.309,ng/mL,3.43
83316,54,2023,34.0,36.0,24.6,8.1,13.0,,unexplained,partner,82.8,51.0,0.0,0.0,0,1,0.4249,pmol/L,74.76
33782,56,2013,43.0,43.0,24.5,7.9,3.0,3.3,male_factor,partner,12.7,1.0,1.0,1.0,0,0,0.0591,ng/mL,2.04
80846,9,2018,38.0,42.0,26.4,14.7,3.0,3.9,diminished_reserve,partner,79.6,50.0,1.0,0.0,0,0,0.1069,ng/mL,0.6
95145,15,2013,40.0,41.0,25.8,7.4,4.0,2.7,combined,partner,42.0,15.0,1.0,0.0,0,0,0.0941,ng/mL,1.59
79595,17,2021,34.0,41.0,24.6,6.0,10.0,5.9,unexplained,partner,113.5,46.0,0.0,0.0,0,0,0.3835,pmol/L,25.85
40977,33,2017,34.0,31.0,28.4,4.2,5.0,2.0,male_factor,partner,11.5,3.0,0.0,1.0,0,0,0.3588,ng/mL,2.68
10362,58,2013,31.0,38.0,28.7,6.8,,1.4,tubal,partner,68.0,65.0,0.0,0.0,1,0,0.2663,pmol/L,
99205,40,2018,33.0,33.0,24.8,11.0,6.0,1.9,male_factor,partner,10.7,43.0,1.0,0.0,0,0,0.2023,ng/mL,1.03
22688,40,2020,34.0,39.0,25.0,5.4,4.0,5.0,male_factor,partner,19.9,29.0,0.0,0.0,0,0,0.2439,ng/mL,2.14
100530,1,2016,38.0,42.0,27.9,9.1,11.0,1.7,ovulatory_pcos,partner,49.9,59.0,2.0,0.0,0,0,0.267,ng/mL,10.09
71574,16,2019,42.0,43.0,24.2,13.1,4.0,5.2,unexplained,partner,26.0,57.0,1.0,1.0,1,0,0.0408,ng/mL,0.44
34174,47,2023,33.0,37.0,28.6,,13.0,1.7,ovulatory_pcos,partner,50.9,54.0,1.0,1.0,0,0,0.5164,pmol/L,36.2
22033,4,2014,35.0,,24.7,11.3,,1.2,tubal,donor,,,1.0,0.0,0,1,0.4056,ng/mL,
79711,58,2019,32.0,32.0,23.0,,10.0,3.6,tubal,partner,57.0,56.0,1.0,0.0,0,1,0.4269,pmol/L,45.27
91913,63,2018,37.0,39.0,29.9,9.1,8.0,2.4,unexplained,partner,33.8,50.0,2.0,0.0,0,1,0.2821,ng/mL,3.95
3610,7,2017,35.0,30.0,31.5,,,3.3,unexplained,partner,39.8,47.0,0.0,0.0,0,0,0.3039,ng/mL,2.58
9872,37,2023,36.0,46.0,24.6,6.9,4.0,1.1,diminished_reserve,partner,37.6,44.0,1.0,0.0,0,0,0.127,ng/mL,0.19
40641,62,2021,36.0,37.0,26.1,4.1,9.0,4.7,unexplained,partner,,,0.0,0.0,0,1,0.2631,ng/mL,1.3
66634,37,2014,32.0,34.0,26.5,12.0,4.0,1.7,DIMINISHED_RESERVE,partner,,,2.0,0.0,0,0,0.1229,ng/mL,0.22
85728,48,2012,31.0,31.0,33.4,6.7,6.0,0.5,male_factor,partner,2.4,18.0,0.0,0.0,0,0,0.193,ng/mL,
96197,50,2012,34.0,37.0,23.4,6.8,13.0,5.6,male_factor,partner,,,1.0,1.0,0,0,0.3352,ng/mL,
16055,31,2017,34.0,29.0,24.6,,17.0,1.4,unexplained,partner,166.9,49.0,3.0,0.0,0,1,0.4458,ng/mL,6.13
105577,44,2022,37.0,43.0,29.2,8.3,5.0,4.7,unexplained,partner,67.5,56.0,0.0,0.0,0,0,0.2073,ng/mL,1.66
14206,63,2021,38.0,46.0,23.4,9.2,4.0,2.6,male_factor,partner,44.0,16.0,0.0,0.0,0,0,0.2208,ng/mL,0.83
25861,37,2014,29.0,26.0,28.8,6.5,9.0,1.3,male_factor,partner,12.0,25.0,0.0,0.0,0,1,0.3601,ng/mL,
79420,26,2017,36.0,46.0,26.3,,11.0,2.4,unexplained,partner,15.8,50.0,1.0,1.0,0,1,0.431,pmol/L,45.7
103880,58,2012,38.0,42.0,22.0,8.4,4.0,4.0,tubal,partner,62.4,52.0,0.0,0.0,0,0,0.231,pmol/L,
15488,59,2017,26.0,36.0,25.4,,19.0,1.9,unexplained,partner,57.1,38.0,0.0,1.0,0,1,0.5328,ng/mL,7.0
87009,57,2019,33.0,47.0,23.8,4.9,8.0,1.6,tubal,partner,57.3,41.0,2.0,0.0,1,0,0.2869,ng/mL,3.0
115352,50,2020,33.0,32.0,26.3,5.8,9.0,3.4,unexplained,partner,44.9,26.0,0.0,1.0,0,0,0.381,ng/mL,2.08
73857,61,2014,34.0,32.0,28.2,6.5,,6.7,ovulatory pcos,partner,31.5,84.0,1.0,1.0,0,1,0.4427,ng/mL,
39909,37,2017,41.0,43.0,23.3,6.7,3.0,,unexplained,partner,131.2,60.0,2.0,0.0,0,0,0.1054,ng/mL,2.23
18509,57,2013,37.0,38.0,24.6,4.0,,0.9,ovulatory_pcos,partner,,,1.0,0.0,0,0,0.355,ng/mL,
62324,16,2014,29.0,26.0,25.7,9.1,5.0,3.5,unexplained,partner,24.4,53.0,0.0,0.0,0,0,0.301,ng/mL,0.81
111678,5,2012,35.0,,27.1,6.0,6.0,2.7,diminished_reserve,donor,,,1.0,0.0,0,0,0.1796,ng/mL,1.62
66568,54,2023,39.0,44.0,27.4,6.7,11.0,6.3,ovulatory_pcos,partner,79.6,29.0,1.0,0.0,0,0,0.2042,pmol/L,
84801,24,2018,31.0,,29.1,,7.0,5.3,tubal,donor,,,1.0,0.0,0,0,0.2251,ng/mL,1.92
45800,53,2022,39.0,44.0,26.7,10.5,4.0,4.9,UNEXPLAINED,partner,45.3,53.0,0.0,1.0,0,0,0.17,ng/mL,0.51
98838,16,2014,25.0,,25.6,5.3,12.0,4.4,male_factor,donor,,,3.0,0.0,0,0,0.3971,ng/mL,4.08
38733,33,2018,33.0,36.0,26.2,3.3,12.0,1.7,combined,partner,9.9,26.0,1.0,0.0,0,1,0.3123,ng/mL,5.6
85857,42,2017,28.0,34.0,23.9,5.6,9.0,,unexplained,partner,44.0,62.0,1.0,0.0,0,1,0.3696,pmol/L,17.49
26350,12,2017,41.0,47.0,22.5,6.7,7.0,3.7,male_factor,partner,24.1,9.0,2.0,0.0,1,0,0.0652,ng/mL,1.65
43257,62,2019,33.0,37.0,26.0,7.1,5.0,3.8,unexplained,partner,54.7,58.0,0.0,1.0,0,1,0.4225,ng/mL,
4351,46,2018,34.0,37.0,27.4,,17.0,4.4,ovulatory_pcos,partner,12.5,44.0,1.0,0.0,0,0,0.4251,ng/mL,11.8
26788,49,2014,46.0,51.0,22.8,6.9,4.0,4.3,unexplained,partner,148.3,45.0,0.0,0.0,0,0,0.0256,ng/mL,
28956,51,2022,35.0,30.0,28.4,,7.0,2.4,male_factor,partner,18.0,34.0,3.0,0.0,0,0,0.296,ng/mL,2.32
101486,6,2019,46.0,48.0,25.8,9.0,,4.5,diminished_reserve,partner,85.4,49.0,1.0,0.0,0,0,0.0089,ng/mL,0.76
25761,51,2017,36.0,41.0,,,19.0,2.4,male_factor,partner,21.3,23.0,2.0,1.0,0,1,0.425,ng/mL,4.12
97526,6,2013,39.0,41.0,34.1,11.8,4.0,5.7,diminished_reserve,partner,61.9,49.0,1.0,1.0,0,0,0.059,ng/mL,
70961,60,2017,31.0,36.0,22.7,4.0,13.0,,male_factor,partner,2.7,40.0,1.0,0.0,0,1,0.398,pmol/L,31.49
74294,6,2015,31.0,27.0,28.4,5.4,10.0,1.6,ovulatory_pcos,partner,60.2,77.0,2.0,0.0,0,0,0.3186,ng/mL,3.8
92575,2,2013,40.0,,26.1,11.7,11.0,1.3,ovulatory_pcos,donor,,,1.0,0.0,0,1,0.1633,ng/mL,
79347,35,2016,36.0,40.0,26.0,5.4,9.0,2.7,unexplained,partner,34.5,37.0,0.0,0.0,0,1,0.2889,ng/mL,1.52
4192,20,2014,39.0,44.0,25.5,,15.0,1.9,unexplained,partner,48.6,51.0,0.0,0.0,0,0,0.1887,ng/mL,2.45
110819,48,2014,37.0,43.0,25.1,3.6,14.0,7.4,ovulatory_pcos,partner,62.4,61.0,0.0,0.0,1,0,0.2307,ng/mL,
79713,31,2021,35.0,,25.7,,7.0,4.6,unexplained,donor,,,0.0,0.0,0,1,0.4773,ng/mL,4.31
10553,26,2014,36.0,45.0,25.7,10.6,6.0,3.9,male_factor,partner,13.9,38.0,1.0,0.0,1,0,0.1822,pmol/L,6.85
32877,47,2015,27.0,20.0,26.6,4.6,,3.7,tubal,partner,,,0.0,0.0,0,1,0.4777,pmol/L,46.91
38755,39,2018,44.0,42.0,28.0,18.6,1.0,7.2,diminished_reserve,partner,105.2,65.0,0.0,0.0,0,0,0.0124,ng/mL,
7369,60,2012,41.0,41.0,23.2,5.0,13.0,6.2,unexplained,partner,81.6,47.0,1.0,0.0,0,0,0.1577,pmol/L,33.42
85512,54,2020,30.0,34.0,31.4,,15.0,0.7,male_factor,partner,7.7,16.0,1.0,0.0,1,0,0.2597,pmol/L,23.7
118517,53,2013,31.0,32.0,26.6,6.4,14.0,1.7,ovulatory_pcos,partner,34.1,37.0,2.0,0.0,0,0,0.4289,ng/mL,
43849,21,2014,20.0,20.0,26.0,3.2,29.0,12.1,ovulatory_pcos,partner,94.5,48.0,0.0,0.0,0,1,0.4447,ng/mL,
63100,63,2020,40.0,42.0,24.9,7.2,7.0,3.5,combined,partner,16.9,20.0,1.0,1.0,0,0,0.1546,ng/mL,1.39
25537,50,2013,36.0,40.0,,11.7,5.0,,combined,partner,11.1,31.0,2.0,1.0,0,0,0.1247,ng/mL,0.77
16242,42,2020,37.0,36.0,,,6.0,3.7,male_factor,partner,18.7,36.0,2.0,0.0,0,1,0.2233,pmol/L,21.63
69636,38,2021,37.0,37.0,24.7,5.8,8.0,1.9,unexplained,partner,81.7,53.0,0.0,0.0,0,1,0.3571,ng/mL,4.96
73106,38,2018,45.0,48.0,27.7,11.6,4.0,2.3,diminished_reserve,partner,37.4,64.0,2.0,1.0,0,0,0.0114,ng/mL,0.24
13880,41,2014,42.0,50.0,25.7,12.2,2.0,3.9,diminished_reserve,partner,43.1,58.0,2.0,0.0,0,0,0.0244,ng/mL,
93562,11,2013,35.0,32.0,23.8,8.4,10.0,3.6,male_factor,partner,4.1,28.0,0.0,1.0,1,1,0.3458,ng/mL,
43741,50,2023,22.0,29.0,26.7,4.8,23.0,0.7,unexplained,partner,67.6,43.0,0.0,1.0,0,0,0.6011,ng/mL,12.83
31252,17,2017,36.0,35.0,29.0,8.9,4.0,4.5,unexplained,partner,28.6,54.0,1.0,0.0,0,0,0.1943,pmol/L,8.14
114666,36,2021,34.0,39.0,24.9,5.7,10.0,1.7,unexplained,partner,98.1,72.0,0.0,0.0,1,0,0.4139,ng/mL,4.93
1517,42,2012,32.0,41.0,29.5,4.8,11.0,2.8,ovulatory_pcos,partner,50.0,39.0,0.0,0.0,1,0,0.3366,pmol/L,
64560,24,2016,32.0,43.0,25.6,6.9,,2.4,male_factor,partner,40.1,24.0,2.0,0.0,0,1,0.2607,ng/mL,2.51
28137,17,2014,33.0,35.0,27.1,,,2.8,ovulatory_pcos,partner,38.0,65.0,0.0,0.0,0,1,0.4599,pmol/L,61.05
89738,25,2021,37.0,45.0,25.8,,,3.7,unexplained,partner,107.0,18.0,3.0,0.0,0,0,0.1431,ng/mL,1.16
33897,11,2017,40.0,39.0,27.4,8.6,4.0,9.5,diminished_reserve,partner,15.1,71.0,3.0,0.0,0,0,0.0491,ng/mL,0.64
84895,15,2021,46.0,53.0,22.7,6.6,5.0,6.3,male_factor,partner,28.3,20.0,1.0,1.0,0,0,0.0214,ng/mL,1.55
91006,59,2013,34.0,,25.9,7.4,8.0,5.9,unexplained,donor,,,1.0,0.0,0,0,0.2882,ng/mL,3.15
90015,3,2020,42.0,45.0,27.1,10.9,2.0,2.9,tubal,partner,42.7,39.0,1.0,0.0,0,0,0.0484,pmol/L,4.07
42635,62,2017,36.0,39.0,24.3,7.7,5.0,1.6,male_factor,partner,8.5,12.0,0.0,0.0,0,0,0.2329,ng/mL,1.12
85640,25,2017,27.0,31.0,25.9,,6.0,0.5,male_factor,partner,2.2,44.0,0.0,0.0,1,0,0.2991,ng/mL,3.14
104802,37,2014,37.0,,30.2,6.1,4.0,5.0,unexplained,donor,,,0.0,0.0,1,0,0.2005,ng/mL,
39037,10,2022,36.0,,24.7,10.7,,1.4,unexplained,donor,,,2.0,0.0,0,0,0.2967,ng/mL,1.33
84819,11,2015,35.0,39.0,29.8,,20.0,2.2,ovulatory pcos,partner,22.0,38.0,1.0,0.0,0,1,0.4415,ng/mL,12.68
48907,13,2017,33.0,34.0,24.1,7.7,7.0,5.4,tubal,partner,37.4,43.0,1.0,1.0,0,0,0.468,ng/mL,4.61
77052,26,2020,40.0,31.0,26.3,7.4,11.0,3.9,unexplained,partner,102.1,37.0,1.0,1.0,0,0,0.1986,pmol/L,8.43
23692,39,2023,32.0,32.0,28.2,6.0,14.0,0.8,unexplained,partner,47.8,62.0,2.0,0.0,0,1,0.3997,ng/mL,4.24
102928,33,2019,43.0,54.0,25.2,,4.0,2.8,male_factor,partner,,,1.0,1.0,0,0,0.0523,ng/mL,0.94
43005,48,2014,43.0,51.0,28.5,11.6,3.0,4.7,diminished_reserve,partner,111.7,45.0,3.0,0.0,0,0,0.0092,ng/mL,
78495,42,2013,38.0,,24.8,4.9,5.0,5.4,tubal,donor,,,0.0,1.0,0,0,0.2519,pmol/L,16.28
80775,56,2019,33.0,37.0,27.1,,14.0,1.1,endometriosis,partner,74.1,49.0,0.0,0.0,0,1,0.3915,ng/mL,4.97
24542,12,2023,41.0,46.0,24.5,,9.0,1.4,male_factor,partner,6.9,32.0,4.0,1.0,0,0,0.104,ng/mL,1.68
118537,46,2019,39.0,40.0,24.7,,2.0,6.9,diminished_reserve,partner,,,2.0,0.0,1,0,0.0401,ng/mL,0.14
55391,14,2016,31.0,26.0,23.7,5.1,20.0,2.8,unexplained,partner,,,0.0,0.0,0,1,0.5079,ng/mL,11.15
24698,46,2022,36.0,,25.4,7.9,7.0,7.4,tubal,donor,,,1.0,0.0,0,0,0.2704,ng/mL,1.47
29397,7,2017,35.0,33.0,27.7,,8.0,1.8,ovulatory_pcos,partner,107.1,68.0,0.0,1.0,0,1,0.4781,ng/mL,4.48
20859,44,2016,36.0,36.0,22.9,,4.0,1.6,male_factor,partner,6.9,18.0,2.0,0.0,0,0,0.2375,ng/mL,2.6
66162,60,2018,33.0,32.0,25.2,7.7,11.0,3.7,unexplained,partner,35.0,46.0,2.0,0.0,0,1,0.4146,pmol/L,33.06
75523,5,2021,38.0,52.0,26.8,17.1,,3.1,male_factor,partner,2.3,31.0,3.0,1.0,0,1,0.0865,ng/mL,0.5
69109,57,2018,42.0,53.0,26.0,13.7,2.0,2.8,diminished_reserve,partner,26.8,48.0,5.0,0.0,1,0,0.0126,ng/mL,0.46
30099,56,2021,32.0,34.0,30.2,,4.0,5.2,unexplained,partner,46.5,73.0,0.0,0.0,0,0,0.2739,ng/mL,1.87
82351,33,2019,38.0,33.0,,,4.0,4.3,unexplained,partner,31.2,43.0,1.0,1.0,0,1,0.1041,ng/mL,0.38
88550,49,2022,33.0,41.0,23.8,6.6,,,unexplained,partner,58.3,63.0,0.0,0.0,0,0,0.4816,ng/mL,3.23
115626,19,2018,43.0,40.0,24.6,11.1,3.0,3.0,male_factor,partner,14.5,32.0,2.0,0.0,0,0,0.0239,ng/mL,0.84
4896,64,2012,35.0,,26.3,,9.0,2.4,tubal,donor,,,0.0,1.0,0,0,0.4771,ng/mL,1.75
15372,9,2023,38.0,42.0,37.7,7.7,9.0,4.4,unexplained,partner,112.6,47.0,2.0,0.0,0,1,0.1385,ng/mL,3.39
14240,53,2016,32.0,33.0,23.4,8.3,6.0,1.7,unexplained,partner,58.5,75.0,1.0,0.0,0,1,0.362,ng/mL,1.69
32677,63,2017,37.0,45.0,32.9,9.1,,1.6,male_factor,partner,2.2,30.0,1.0,1.0,0,1,0.1945,ng/mL,0.96
36066,32,2017,36.0,42.0,24.5,,10.0,,endometriosis,partner,85.5,64.0,3.0,1.0,0,0,0.2726,pmol/L,16.71
68379,2,2015,37.0,44.0,22.9,8.9,3.0,2.0,unexplained,partner,63.7,42.0,0.0,0.0,0,0,0.2075,ng/mL,1.2
83749,64,2016,33.0,41.0,27.9,9.1,7.0,5.7,male_factor,partner,8.1,6.0,2.0,0.0,0,1,0.2663,ng/mL,1.96
63311,27,2021,39.0,42.0,26.0,9.8,4.0,1.6,unexplained,partner,21.5,50.0,3.0,0.0,0,0,0.0582,ng/mL,0.37
69841,38,2013,40.0,44.0,26.3,9.4,6.0,4.2,male_factor,partner,12.3,40.0,0.0,0.0,0,0,0.1142,ng/mL,
3762,49,2017,38.0,43.0,24.8,6.7,8.0,2.1,male_factor,partner,15.1,43.0,1.0,0.0,0,0,0.2477,ng/mL,2.26
92505,38,2014,31.0,31.0,29.6,6.3,11.0,2.4,ovulatory_pcos,partner,66.5,71.0,0.0,0.0,0,0,0.4137,ng/mL,
112580,43,2015,41.0,37.0,38.1,13.3,4.0,5.5,diminished_reserve,partner,90.3,55.0,0.0,1.0,0,0,0.0512,ng/mL,0.68
45541,47,2020,29.0,34.0,23.9,,6.0,1.7,tubal,partner,38.1,70.0,1.0,0.0,0,0,0.3087,pmol/L,5.0
68185,6,2014,36.0,36.0,29.8,10.9,10.0,1.7,male_factor,partner,4.3,31.0,0.0,1.0,1,0,0.2547,ng/mL,
68238,7,2015,41.0,31.0,26.7,,,3.6,male_factor,partner,4.0,18.0,2.0,0.0,0,0,0.0667,ng/mL,1.18
66259,49,2014,33.0,33.0,30.4,6.8,13.0,1.8,unexplained,partner,66.2,68.0,2.0,0.0,0,0,0.3647,ng/mL,
109798,28,2020,27.0,27.0,25.9,,18.0,4.6,tubal,partner,92.0,52.0,0.0,1.0,0,0,0.5249,ng/mL,8.57
53704,27,2013,35.0,36.0,23.4,,,3.5,unexplained,partner,78.7,56.0,0.0,1.0,0,0,0.3008,ng/mL,1.19
80117,2,2021,41.0,,22.7,8.2,2.0,4.8,combined,donor,,,1.0,0.0,0,0,0.0792,ng/mL,1.2
94835,14,2014,35.0,36.0,27.5,6.7,,1.9,tubal,partner,33.6,46.0,1.0,0.0,0,1,0.2754,ng/mL,
96984,35,2023,40.0,42.0,24.9,7.9,1.0,2.2,diminished_reserve,partner,20.9,27.0,0.0,0.0,0,0,0.0892,ng/mL,0.68
113193,37,2017,34.0,40.0,29.7,4.6,7.0,1.1,UNEXPLAINED,partner,36.9,52.0,0.0,0.0,0,0,0.3216,ng/mL,2.17
52503,39,2021,31.0,48.0,26.3,5.8,14.0,2.1,MALE_FACTOR,partner,22.6,18.0,1.0,0.0,1,0,0.3167,ng/mL,3.58
52698,62,2016,39.0,40.0,23.2,,7.0,2.2,male_factor,partner,9.2,35.0,0.0,0.0,0,0,0.1556,ng/mL,1.16
4461,2,2016,37.0,35.0,27.1,6.0,3.0,,unexplained,partner,69.2,55.0,2.0,0.0,0,0,0.1621,ng/mL,1.4
67335,46,2021,28.0,35.0,27.4,4.5,23.0,4.0,ovulatory_pcos,partner,123.8,33.0,1.0,0.0,0,0,0.521,ng/mL,16.05
69714,20,2022,35.0,45.0,28.5,5.0,12.0,2.7,unexplained,partner,57.3,55.0,3.0,0.0,0,0,0.2475,ng/mL,3.19
68075,8,2012,35.0,34.0,27.7,6.7,11.0,3.5,unexplained,partner,34.0,65.0,1.0,1.0,0,0,0.4227,ng/mL,
25750,62,2023,31.0,32.0,36.7,7.7,4.0,,male_factor,partner,11.5,15.0,0.0,0.0,0,0,0.2169,ng/mL,2.0
77176,8,2018,32.0,39.0,23.9,8.4,7.0,3.2,unexplained,partner,67.7,64.0,1.0,0.0,0,0,0.3658,ng/mL,2.41
66328,60,2014,31.0,28.0,24.3,6.9,6.0,9.4,male_factor,partner,9.7,49.0,0.0,0.0,0,0,0.2515,pmol/L,
89566,28,2015,36.0,42.0,27.2,5.8,8.0,3.4,unexplained,partner,80.5,52.0,0.0,0.0,1,0,0.223,ng/mL,2.0
55621,29,2021,33.0,35.0,,5.5,14.0,1.4,ovulatory_pcos,partner,112.8,47.0,0.0,0.0,0,0,0.5194,pmol/L,39.7
55338,21,2013,34.0,34.0,22.5,7.6,10.0,1.9,male_factor,partner,20.2,17.0,0.0,0.0,0,0,0.3095,ng/mL,1.55
2709,42,2017,36.0,39.0,,6.7,15.0,5.4,male_factor,partner,16.9,26.0,0.0,1.0,0,0,0.3877,pmol/L,46.05
75198,10,2022,33.0,43.0,24.3,5.0,13.0,1.4,unexplained,partner,181.7,77.0,1.0,0.0,0,1,0.4404,ng/mL,3.18
2471,42,2022,33.0,32.0,,,3.0,3.7,endometriosis,partner,111.4,63.0,2.0,0.0,1,0,0.1876,pmol/L,13.99
5471,25,2013,34.0,42.0,23.6,7.6,12.0,5.4,male_factor,partner,11.2,33.0,1.0,0.0,0,0,0.2243,ng/mL,
98873,42,2013,42.0,48.0,25.9,6.1,8.0,3.1,unexplained,partner,,,1.0,0.0,0,1,0.0672,pmol/L,12.28
91543,31,2019,27.0,20.0,28.9,2.6,23.0,2.4,ovulatory_pcos,partner,46.7,52.0,0.0,0.0,0,0,0.567,ng/mL,9.8
98494,33,2016,34.0,40.0,26.5,,6.0,2.2,unexplained,partner,41.3,76.0,1.0,2.0,1,1,0.3318,ng/mL,2.18
109321,4,2016,46.0,51.0,34.9,7.1,1.0,2.8,ovulatory_pcos,partner,73.3,59.0,4.0,0.0,0,0,0.0096,ng/mL,1.4
89663,1,2017,27.0,35.0,25.1,6.9,4.0,2.5,male_factor,partner,6.5,14.0,1.0,0.0,0,1,0.2838,ng/mL,1.4
3969,55,2015,32.0,34.0,26.0,6.9,8.0,1.5,ovulatory_pcos,partner,57.3,58.0,0.0,0.0,0,0,0.385,ng/mL,2.33
45325,21,2021,37.0,36.0,29.9,4.9,13.0,5.7,ovulatory_pcos,partner,35.9,88.0,4.0,0.0,1,0,0.1806,ng/mL,5.6
32020,3,2014,39.0,42.0,,,3.0,3.6,DIMINISHED_RESERVE,partner,51.9,30.0,0.0,1.0,0,0,0.116,pmol/L,5.36
51462,36,2016,36.0,37.0,23.2,7.8,1.0,,diminished_reserve,partner,39.8,55.0,3.0,0.0,0,0,0.1545,ng/mL,0.83
30283,28,2019,33.0,35.0,23.4,6.2,11.0,1.4,combined,partner,5.8,47.0,1.0,0.0,0,0,0.319,ng/mL,5.76
68631,54,2022,30.0,33.0,27.5,5.7,5.0,6.8,tubal,partner,200.3,66.0,0.0,2.0,0,0,0.3774,pmol/L,22.63
57263,49,2019,33.0,36.0,27.1,11.4,7.0,9.4,unexplained,partner,49.7,55.0,2.0,1.0,0,1,0.3016,ng/mL,1.69
8858,60,2021,39.0,42.0,21.5,11.7,6.0,1.6,tubal,partner,37.5,45.0,0.0,0.0,0,0,0.2768,pmol/L,
66461,14,2016,30.0,32.0,30.7,5.6,9.0,6.2,male_factor,partner,12.0,20.0,1.0,0.0,0,0,0.2667,ng/mL,3.11
3083,37,2021,36.0,39.0,22.6,9.4,6.0,4.1,unexplained,partner,21.5,72.0,3.0,0.0,0,0,0.2165,ng/mL,1.72
85103,31,2016,35.0,39.0,24.3,7.9,9.0,,male_factor,partner,4.0,41.0,1.0,0.0,0,0,0.317,ng/mL,2.45
54340,52,2012,32.0,26.0,26.0,9.4,,4.3,diminished_reserve,partner,202.8,64.0,0.0,0.0,0,0,0.2081,ng/mL,
30433,31,2021,40.0,40.0,30.6,7.5,8.0,1.3,unexplained,partner,40.3,53.0,0.0,0.0,0,0,0.2174,ng/mL,2.61
55351,32,2023,39.0,53.0,24.7,10.2,4.0,1.3,tubal,partner,94.6,63.0,0.0,1.0,0,0,0.1863,pmol/L,4.93
12425,62,2015,36.0,34.0,26.2,7.5,8.0,7.2,male_factor,partner,26.2,16.0,0.0,0.0,0,0,0.2464,ng/mL,2.77
85713,4,2017,27.0,24.0,24.2,5.3,14.0,2.1,male_factor,partner,32.3,18.0,1.0,1.0,0,0,0.5012,ng/mL,4.8
2835,27,2019,37.0,43.0,28.2,6.5,9.0,2.6,UNEXPLAINED,partner,53.0,53.0,1.0,0.0,0,0,0.1609,ng/mL,1.08
86519,35,2019,37.0,43.0,26.0,,0.0,1.8,diminished_reserve,partner,79.7,47.0,0.0,0.0,0,0,0.1164,ng/mL,0.17
96442,29,2019,28.0,,22.2,7.1,,1.3,tubal,donor,,,0.0,0.0,0,0,0.5257,pmol/L,18.28
96875,22,2019,35.0,42.0,28.6,8.0,3.0,,unexplained,partner,35.2,45.0,2.0,0.0,0,1,0.2389,pmol/L,6.57
24311,63,2023,37.0,39.0,24.8,4.9,,1.6,male_factor,partner,6.5,48.0,2.0,1.0,0,1,0.3387,ng/mL,2.15
109802,11,2022,31.0,,32.0,6.0,10.0,2.7,ovulatory_pcos,donor,,,1.0,0.0,0,1,0.4524,ng/mL,6.67
101127,45,2020,33.0,37.0,33.8,6.6,4.0,1.9,combined,partner,3.2,19.0,1.0,0.0,0,0,0.1948,ng/mL,1.63
99551,22,2013,30.0,34.0,30.4,4.4,11.0,,unexplained,partner,46.0,71.0,1.0,0.0,0,1,0.3563,pmol/L,
17101,7,2015,36.0,38.0,23.6,5.4,,3.0,unexplained,partner,280.0,43.0,3.0,0.0,0,0,0.3192,ng/mL,7.72
13283,55,2016,30.0,29.0,24.5,4.2,,2.4,tubal,partner,97.7,44.0,0.0,0.0,0,1,0.4673,ng/mL,8.27
29596,8,2016,45.0,48.0,32.5,10.1,7.0,,unexplained,partner,96.3,31.0,0.0,0.0,0,0,0.0146,ng/mL,0.71
65672,38,2019,36.0,33.0,,7.3,12.0,2.0,unexplained,partner,33.4,54.0,0.0,0.0,0,1,0.3026,ng/mL,1.98
86877,23,2019,40.0,48.0,,,9.0,1.4,endometriosis,partner,48.0,67.0,0.0,0.0,0,0,0.1127,pmol/L,9.21
55164,32,2017,38.0,32.0,25.6,9.7,,4.9,tubal,partner,57.1,57.0,1.0,0.0,0,0,0.1661,pmol/L,6.43
47786,53,2012,31.0,39.0,25.6,5.2,17.0,2.1,male_factor,partner,9.6,25.0,2.0,0.0,0,0,0.3909,ng/mL,
78985,32,2022,30.0,26.0,28.2,5.9,13.0,3.7,combined,partner,4.1,15.0,1.0,0.0,0,0,0.2926,pmol/L,23.63
51685,52,2021,38.0,49.0,31.7,5.9,,1.1,unexplained,partner,37.8,78.0,0.0,0.0,0,0,0.2239,ng/mL,3.09
22978,20,2013,29.0,31.0,30.7,6.1,13.0,4.3,endometriosis,partner,108.0,43.0,0.0,1.0,0,0,0.3265,ng/mL,3.81
46589,1,2023,43.0,46.0,22.9,11.0,3.0,6.3,male_factor,partner,7.1,36.0,1.0,0.0,0,0,0.0412,ng/mL,1.17
111934,57,2017,35.0,36.0,24.9,9.6,4.0,2.3,male_factor,partner,44.4,42.0,0.0,0.0,0,0,0.3042,ng/mL,0.86
51955,52,2020,37.0,32.0,37.2,8.1,8.0,2.3,male_factor,partner,6.7,24.0,1.0,0.0,0,0,0.1473,ng/mL,1.88
48350,54,2013,45.0,46.0,25.3,14.3,6.0,2.8,tubal,partner,48.4,44.0,2.0,0.0,0,0,0.0107,pmol/L,
11672,54,2013,39.0,53.0,22.8,11.6,5.0,1.6,combined,partner,,,1.0,0.0,1,0,0.0515,pmol/L,
71598,12,2014,40.0,43.0,30.5,6.9,9.0,1.8,ovulatory_pcos,partner,177.6,54.0,1.0,1.0,0,1,0.2239,ng/mL,4.64
49158,56,2022,35.0,,25.3,7.9,9.0,3.3,male_factor,donor,,,1.0,0.0,0,0,0.3459,ng/mL,1.76
84086,51,2023,34.0,41.0,22.5,8.5,4.0,4.8,tubal,partner,55.8,58.0,0.0,1.0,0,0,0.4041,ng/mL,1.38
22804,59,2015,36.0,42.0,25.6,,9.0,2.0,ovulatory_pcos,partner,48.4,43.0,2.0,0.0,0,0,0.2971,ng/mL,6.73
106503,30,2017,42.0,46.0,25.9,5.9,5.0,1.4,male_factor,partner,2.7,42.0,1.0,0.0,0,0,0.0532,ng/mL,1.77
107297,7,2017,33.0,34.0,25.0,4.2,16.0,4.6,tubal,partner,55.3,56.0,0.0,0.0,0,1,0.4118,ng/mL,5.06
54711,29,2014,28.0,28.0,29.6,6.3,,7.0,ovulatory_pcos,partner,42.9,50.0,0.0,0.0,0,0,0.4843,pmol/L,
111180,20,2022,29.0,28.0,27.1,11.5,6.0,,ovulatory_pcos,partner,110.1,60.0,2.0,1.0,0,0,0.3683,ng/mL,3.43
59657,23,2014,30.0,38.0,26.2,10.0,3.0,1.5,diminished_reserve,partner,88.5,48.0,3.0,0.0,0,0,0.1718,pmol/L,6.57
99589,46,2012,28.0,31.0,25.8,4.8,12.0,4.0,tubal,partner,105.5,44.0,2.0,0.0,0,1,0.4004,ng/mL,
66798,27,2023,29.0,31.0,30.2,6.1,4.0,1.8,male_factor,partner,6.9,21.0,2.0,0.0,1,0,0.1843,ng/mL,2.2
62199,52,2016,40.0,47.0,27.6,4.9,18.0,4.7,male_factor,partner,8.7,24.0,1.0,0.0,0,0,0.1624,ng/mL,7.89
72721,15,2018,28.0,34.0,26.9,4.2,7.0,3.6,unexplained,partner,100.8,50.0,0.0,1.0,0,0,0.4345,ng/mL,2.81
22562,32,2013,37.0,33.0,26.4,5.9,6.0,2.8,unexplained,partner,34.1,43.0,2.0,0.0,0,1,0.2434,pmol/L,19.28
9368,37,2022,41.0,41.0,25.2,6.2,4.0,1.6,endometriosis,partner,45.8,49.0,2.0,0.0,0,0,0.1119,ng/mL,3.14
54684,53,2015,39.0,43.0,25.5,,7.0,3.4,ovulatory_pcos,partner,129.7,52.0,1.0,0.0,0,0,0.2346,ng/mL,3.21
109294,29,2019,29.0,33.0,25.2,7.4,7.0,4.2,tubal,partner,39.7,46.0,0.0,0.0,0,1,0.3942,pmol/L,8.92
78336,49,2018,28.0,31.0,23.1,4.6,16.0,4.0,male_factor,partner,5.6,33.0,0.0,1.0,0,1,0.5285,ng/mL,5.51
110598,44,2022,31.0,31.0,28.1,10.9,3.0,3.4,male_factor,partner,52.4,35.0,2.0,0.0,0,0,0.2328,ng/mL,
1618,6,2017,27.0,24.0,26.7,7.3,13.0,1.0,combined,partner,8.8,42.0,1.0,0.0,0,0,0.2923,ng/mL,3.81
103031,33,2015,28.0,36.0,32.2,7.1,,3.6,combined,partner,,,0.0,1.0,0,0,0.3215,ng/mL,5.65
29039,61,2016,34.0,31.0,24.6,3.1,14.0,1.7,male_factor,partner,22.7,29.0,1.0,0.0,0,1,0.4625,ng/mL,6.8
93699,38,2019,29.0,38.0,24.2,7.3,9.0,2.5,diminished_reserve,partner,79.2,41.0,3.0,0.0,0,1,0.2938,ng/mL,3.76
78401,32,2019,32.0,29.0,25.3,9.5,5.0,2.6,unexplained,partner,17.0,62.0,1.0,1.0,0,0,0.4683,pmol/L,23.56
20150,45,2016,44.0,,26.8,9.5,,2.4,tubal,donor,,,1.0,0.0,0,0,0.0467,ng/mL,1.02
67476,28,2017,38.0,41.0,22.5,,2.0,1.7,male_factor,partner,2.5,31.0,0.0,0.0,0,0,0.1651,ng/mL,1.24
33733,41,2022,37.0,36.0,25.1,8.2,4.0,1.9,male_factor,partner,39.1,18.0,1.0,0.0,0,0,0.2451,ng/mL,
58000,52,2018,32.0,39.0,24.1,,15.0,2.4,unexplained,partner,26.1,35.0,1.0,0.0,0,0,0.3913,ng/mL,2.64
20018,12,2012,29.0,33.0,29.3,3.3,,4.8,ENDOMETRIOSIS,partner,23.1,46.0,1.0,0.0,0,0,0.2495,ng/mL,
27256,21,2023,43.0,46.0,23.3,7.4,4.0,3.5,unexplained,partner,57.7,55.0,2.0,1.0,0,0,0.0531,ng/mL,0.84
4259,42,2015,42.0,48.0,31.2,8.6,5.0,3.8,unexplained,partner,32.1,64.0,0.0,0.0,0,0,0.0539,pmol/L,9.92
47198,37,2023,29.0,27.0,27.7,5.5,17.0,4.4,ovulatory_pcos,partner,65.4,40.0,0.0,1.0,0,1,0.5393,ng/mL,8.44
114352,42,2017,36.0,32.0,28.7,7.1,19.0,3.3,ovulatory_pcos,partner,59.5,61.0,3.0,0.0,1,0,0.2473,pmol/L,52.91
17271,44,2023,32.0,38.0,24.7,6.2,6.0,4.2,unexplained,partner,37.2,63.0,0.0,0.0,0,1,0.3593,ng/mL,1.98
57538,44,2018,40.0,41.0,22.9,7.0,4.0,6.4,male_factor,partner,2.3,3.0,0.0,0.0,0,0,0.102,ng/mL,1.14
45501,40,2015,37.0,48.0,33.3,5.3,8.0,7.1,ovulatory_pcos,partner,101.4,54.0,1.0,0.0,0,0,0.1424,ng/mL,6.35
2305,26,2021,37.0,46.0,26.2,10.9,4.0,3.5,unexplained,partner,,,0.0,0.0,0,0,0.2466,pmol/L,8.85
10129,57,2014,41.0,52.0,30.0,7.3,11.0,7.1,ovulatory_pcos,partner,56.0,56.0,1.0,0.0,0,0,0.0992,ng/mL,
59137,4,2016,34.0,35.0,22.8,,8.0,1.6,unexplained,partner,86.3,45.0,2.0,0.0,0,1,0.3247,ng/mL,2.36
75165,62,2020,38.0,43.0,25.5,6.5,6.0,0.9,unexplained,partner,145.6,57.0,2.0,0.0,0,1,0.2027,ng/mL,1.88
40299,14,2018,31.0,34.0,25.3,5.7,10.0,2.6,male_factor,partner,5.5,17.0,1.0,1.0,0,1,0.4478,ng/mL,4.71
15967,30,2023,34.0,34.0,26.9,6.5,7.0,2.6,unexplained,partner,20.3,63.0,2.0,0.0,0,0,0.2129,ng/mL,1.11
10520,26,2012,40.0,48.0,31.1,9.9,2.0,1.3,combined,partner,2.8,24.0,1.0,0.0,0,0,0.0821,pmol/L,13.42
25716,23,2015,28.0,35.0,,6.1,14.0,3.8,diminished_reserve,partner,51.9,49.0,1.0,0.0,0,0,0.2407,pmol/L,22.85
44846,44,2023,38.0,47.0,27.4,9.3,10.0,1.8,tubal,partner,58.2,59.0,1.0,1.0,0,0,0.204,ng/mL,0.81
69341,10,2016,33.0,38.0,23.5,5.3,5.0,4.5,unexplained,partner,45.0,63.0,2.0,0.0,0,0,0.3297,ng/mL,2.77
90578,61,2020,37.0,41.0,22.4,5.1,3.0,6.6,tubal,partner,61.9,44.0,3.0,0.0,0,1,0.2227,ng/mL,3.29
21610,37,2012,43.0,49.0,23.7,5.1,,3.3,diminished_reserve,partner,38.2,62.0,3.0,0.0,0,0,0.0277,ng/mL,
99374,33,2021,34.0,39.0,26.7,6.2,8.0,5.9,unexplained,partner,25.6,47.0,1.0,0.0,0,0,0.2502,ng/mL,1.11
92386,36,2012,31.0,37.0,25.2,,,4.8,unexplained,partner,55.8,48.0,0.0,1.0,0,0,0.4809,ng/mL,4.12
17669,40,2015,31.0,32.0,25.3,6.9,8.0,5.0,male_factor,partner,12.5,5.0,2.0,0.0,0,0,0.228,ng/mL,6.1
33398,47,2018,35.0,48.0,31.6,7.5,8.0,5.1,unexplained,partner,51.3,50.0,1.0,0.0,0,0,0.2726,pmol/L,22.85
45585,22,2017,37.0,42.0,30.6,7.0,30.0,2.3,ovulatory_pcos,partner,41.7,45.0,0.0,0.0,0,0,0.3777,pmol/L,153.87
108019,13,2023,36.0,34.0,25.3,3.5,,2.7,ovulatory_pcos,partner,26.0,44.0,1.0,0.0,0,1,0.4688,ng/mL,12.04
78161,19,2018,37.0,40.0,36.0,5.3,13.0,1.0,ovulatory_pcos,partner,73.2,71.0,2.0,0.0,0,0,0.1667,ng/mL,
80223,41,2015,32.0,31.0,26.6,6.8,6.0,2.8,tubal,partner,40.5,52.0,0.0,0.0,1,0,0.341,ng/mL,2.59
25169,25,2014,37.0,35.0,24.4,8.6,0.0,2.3,diminished_reserve,partner,60.3,28.0,5.0,0.0,0,0,0.0785,ng/mL,
65121,23,2013,38.0,39.0,26.6,4.7,4.0,4.3,tubal,partner,45.5,54.0,2.0,0.0,0,0,0.1678,pmol/L,
81909,46,2022,36.0,40.0,24.9,7.2,7.0,8.2,unexplained,partner,16.9,43.0,0.0,0.0,0,0,0.292,ng/mL,2.1
52635,42,2022,34.0,40.0,25.8,12.7,6.0,3.3,male_factor,partner,1.1,29.0,1.0,0.0,0,0,0.2424,pmol/L,10.78
49136,50,2018,34.0,40.0,29.8,,8.0,1.6,combined,partner,6.9,23.0,1.0,0.0,0,0,0.1987,ng/mL,2.61
115390,13,2018,35.0,36.0,26.1,6.4,6.0,7.4,unexplained,partner,46.1,38.0,0.0,0.0,0,1,0.3549,ng/mL,2.52
28580,52,2023,27.0,28.0,27.9,6.6,,5.5,male_factor,partner,28.1,30.0,1.0,0.0,0,0,0.3531,ng/mL,2.68
115122,41,2020,38.0,44.0,,9.0,11.0,2.2,endometriosis,partner,29.0,58.0,0.0,1.0,0,1,0.3266,ng/mL,2.43
38434,30,2014,43.0,50.0,25.7,7.9,4.0,2.1,male_factor,partner,16.4,40.0,0.0,1.0,0,0,0.0543,ng/mL,
15709,43,2012,40.0,38.0,33.2,6.7,8.0,10.8,ovulatory_pcos,partner,52.7,43.0,1.0,0.0,1,1,0.1016,ng/mL,4.4
59547,6,2012,29.0,25.0,28.3,6.2,14.0,0.5,unexplained,partner,138.9,52.0,1.0,0.0,0,0,0.3717,ng/mL,6.19
106560,63,2013,34.0,40.0,23.9,,8.0,7.1,unexplained,partner,38.3,49.0,1.0,0.0,1,1,0.3185,ng/mL,3.69
27384,30,2017,38.0,36.0,26.3,,10.0,2.3,ovulatory_pcos,partner,38.8,34.0,0.0,0.0,1,0,0.209,ng/mL,4.33
14139,25,2023,32.0,,26.4,8.7,0.0,3.5,diminished_reserve,donor,,,1.0,0.0,0,0,0.1367,ng/mL,0.28
32833,59,2013,40.0,45.0,31.0,6.7,,2.4,male_factor,partner,4.5,22.0,1.0,1.0,0,0,0.07,ng/mL,
42292,59,2016,38.0,43.0,25.3,6.5,4.0,4.7,combined,partner,3.0,31.0,1.0,0.0,0,0,0.1269,ng/mL,4.11
49668,53,2021,27.0,25.0,,7.3,25.0,1.5,tubal,partner,188.7,66.0,1.0,0.0,0,1,0.5393,ng/mL,7.88
70366,46,2023,36.0,29.0,26.2,10.9,,1.8,male_factor,partner,20.8,28.0,0.0,1.0,0,0,0.3851,ng/mL,1.26
12102,37,2022,35.0,33.0,22.2,14.8,6.0,5.8,diminished_reserve,partner,46.5,40.0,0.0,0.0,0,0,0.2157,ng/mL,0.98
91745,4,2018,30.0,32.0,23.5,5.2,21.0,2.8,UNEXPLAINED,partner,49.9,63.0,1.0,0.0,0,1,0.462,ng/mL,6.62
80291,49,2019,25.0,30.0,24.4,,13.0,3.0,unexplained,partner,65.6,55.0,0.0,0.0,0,0,0.4457,ng/mL,1.76
23644,36,2014,41.0,49.0,27.3,10.8,3.0,6.9,male_factor,partner,2.0,17.0,1.0,0.0,0,0,0.043,ng/mL,
44968,9,2016,41.0,45.0,25.7,999.0,5.0,1.6,unexplained,partner,82.5,54.0,1.0,1.0,0,0,0.1344,ng/mL,1.7
110314,32,2015,35.0,33.0,24.5,7.0,5.0,4.9,diminished_reserve,partner,,,3.0,1.0,0,0,0.1484,pmol/L,2.86
27864,44,2013,38.0,38.0,25.8,5.4,10.0,2.3,endometriosis,partner,44.0,41.0,0.0,0.0,0,0,0.2571,ng/mL,
100295,9,2012,33.0,,24.9,6.5,3.0,3.8,male_factor,donor,,,1.0,0.0,0,1,0.3464,ng/mL,
112629,14,2017,29.0,,27.7,4.7,7.0,3.1,male_factor,donor,,,0.0,0.0,0,0,0.468,ng/mL,5.26
116429,20,2013,39.0,45.0,25.6,6.9,4.0,1.0,unexplained,partner,70.3,56.0,0.0,0.0,0,0,0.1085,ng/mL,0.67
23444,14,2021,38.0,39.0,25.4,10.2,7.0,2.1,male_factor,partner,8.1,7.0,0.0,0.0,0,0,0.2043,ng/mL,1.4
99524,2,2015,41.0,46.0,24.6,10.7,2.0,10.3,tubal,partner,82.8,39.0,0.0,0.0,0,0,0.0332,ng/mL,0.42
111828,26,2013,30.0,37.0,24.4,5.2,10.0,5.1,male_factor,partner,9.7,21.0,1.0,0.0,0,0,0.3433,pmol/L,
27083,42,2012,40.0,38.0,24.0,8.9,2.0,5.0,diminished_reserve,partner,26.8,53.0,2.0,0.0,1,0,0.0298,pmol/L,
84608,23,2023,34.0,40.0,25.4,8.1,9.0,4.4,male_factor,partner,4.1,29.0,1.0,0.0,0,0,0.2902,pmol/L,17.92
23088,37,2016,36.0,39.0,34.5,8.2,8.0,3.7,unexplained,partner,40.2,57.0,0.0,1.0,0,1,0.2797,ng/mL,2.62
54744,33,2018,36.0,40.0,25.2,6.7,10.0,1.5,tubal,partner,65.2,56.0,0.0,0.0,0,1,0.3265,ng/mL,2.15
19063,46,2016,34.0,30.0,25.0,5.3,9.0,2.9,male_factor,partner,7.8,7.0,0.0,0.0,0,0,0.3924,ng/mL,3.81
94697,9,2018,37.0,37.0,,7.1,2.0,1.8,male_factor,partner,14.2,26.0,3.0,0.0,0,0,0.177,ng/mL,
67566,21,2013,42.0,,21.7,,7.0,1.9,male_factor,donor,,,0.0,0.0,0,0,0.0834,ng/mL,0.91
111135,57,2016,29.0,24.0,23.8,5.6,15.0,2.9,tubal,partner,77.0,51.0,1.0,0.0,0,1,0.413,ng/mL,
79675,43,2016,35.0,40.0,27.4,8.6,,6.5,unexplained,partner,104.5,47.0,1.0,0.0,0,0,0.2594,ng/mL,1.28
59772,2,2012,40.0,48.0,23.9,6.1,5.0,1.2,unexplained,partner,75.2,41.0,0.0,2.0,1,0,0.1762,ng/mL,
43534,58,2016,37.0,42.0,24.2,12.5,6.0,4.0,DIMINISHED_RESERVE,partner,25.5,54.0,0.0,0.0,0,0,0.1936,pmol/L,10.0
9901,52,2014,29.0,35.0,29.6,3.3,14.0,1.1,unexplained,partner,85.1,53.0,0.0,1.0,1,1,0.4609,ng/mL,
23688,5,2022,42.0,48.0,25.4,,4.0,1.7,unexplained,partner,43.3,58.0,1.0,0.0,0,0,0.0472,ng/mL,0.99
82898,54,2019,37.0,40.0,26.8,,5.0,7.4,unexplained,partner,71.5,58.0,2.0,0.0,0,0,0.156,pmol/L,12.5
100479,1,2020,27.0,27.0,26.6,6.1,19.0,1.5,ovulatory_pcos,partner,34.4,50.0,3.0,0.0,0,0,0.4586,ng/mL,15.38
74290,12,2023,36.0,39.0,31.4,6.7,12.0,3.3,diminished_reserve,partner,66.1,81.0,0.0,0.0,1,0,0.2112,ng/mL,
87230,2,2019,35.0,36.0,24.2,8.7,2.0,4.8,male_factor,partner,4.0,32.0,1.0,0.0,0,0,0.1997,ng/mL,1.06
49885,36,2022,40.0,,22.5,15.5,2.0,2.3,diminished_reserve,donor,,,0.0,1.0,0,1,0.0991,ng/mL,0.36
22943,37,2022,29.0,34.0,,4.8,19.0,3.0,male_factor,partner,36.2,36.0,0.0,0.0,0,1,0.4621,ng/mL,4.37
97590,41,2012,30.0,32.0,30.0,7.6,7.0,1.2,male_factor,partner,7.0,44.0,1.0,0.0,0,1,0.3176,ng/mL,
39282,52,2016,31.0,28.0,26.8,6.9,10.0,5.9,male_factor,partner,4.1,28.0,0.0,0.0,0,0,0.2524,ng/mL,1.29
58197,19,2021,24.0,20.0,26.2,4.4,8.0,2.8,male_factor,partner,10.4,24.0,1.0,0.0,0,0,0.2964,ng/mL,4.19
90274,17,2019,24.0,29.0,28.1,3.1,,3.0,ovulatory_pcos,partner,86.0,73.0,0.0,0.0,0,1,0.5271,pmol/L,157.08
65573,22,2012,39.0,46.0,24.8,11.3,3.0,2.1,male_factor,partner,1.3,14.0,0.0,0.0,0,0,0.1379,pmol/L,7.78
80314,57,2016,35.0,39.0,24.4,5.6,10.0,5.0,unexplained,partner,132.0,40.0,1.0,0.0,0,0,0.3634,ng/mL,4.46
104566,61,2013,38.0,45.0,23.7,8.4,11.0,4.6,unexplained,partner,33.4,59.0,0.0,0.0,0,0,0.2653,ng/mL,
40630,4,2012,39.0,,26.8,6.2,5.0,7.0,ovulatory_pcos,donor,,,0.0,1.0,0,1,0.27,ng/mL,5.36
87418,58,2020,33.0,39.0,24.2,8.9,12.0,6.6,MALE_FACTOR,partner,2.4,15.0,0.0,0.0,0,1,0.3387,pmol/L,19.85
20475,11,2013,38.0,47.0,24.5,6.3,,2.2,male_factor,partner,5.1,24.0,0.0,1.0,0,0,0.2996,ng/mL,3.14
20892,31,2014,34.0,40.0,22.7,6.2,17.0,5.0,endometriosis,partner,81.2,50.0,0.0,0.0,0,1,0.4019,ng/mL,
69525,14,2020,42.0,49.0,,,9.0,5.7,unexplained,partner,35.2,46.0,0.0,0.0,0,0,0.0914,ng/mL,1.87
53183,64,2015,32.0,38.0,30.1,9.5,27.0,4.8,ovulatory_pcos,partner,55.4,55.0,0.0,0.0,0,1,0.5104,ng/mL,13.31
9019,48,2016,32.0,43.0,22.6,,3.0,1.1,male_factor,partner,5.7,44.0,1.0,0.0,0,0,0.2983,ng/mL,3.79
8020,42,2017,31.0,,23.4,6.8,8.0,5.9,male_factor,donor,,,1.0,0.0,0,0,0.336,pmol/L,16.99
61896,7,2018,37.0,36.0,25.0,7.9,11.0,1.3,unexplained,partner,31.6,51.0,0.0,0.0,0,1,0.3081,ng/mL,2.32
84038,9,2018,27.0,20.0,,3.7,24.0,1.4,ovulatory_pcos,partner,97.7,40.0,1.0,0.0,0,1,0.4845,ng/mL,15.44
65872,25,2017,44.0,54.0,26.6,7.0,3.0,5.1,tubal,partner,76.7,38.0,1.0,0.0,0,0,0.0186,ng/mL,
93658,11,2015,33.0,39.0,26.7,7.3,10.0,1.2,combined,partner,29.8,27.0,1.0,0.0,0,0,0.3803,ng/mL,6.05
81682,24,2012,31.0,33.0,23.6,7.2,7.0,2.2,unexplained,partner,77.0,51.0,0.0,0.0,0,1,0.2438,ng/mL,0.99
87781,21,2017,32.0,36.0,27.6,5.1,9.0,2.4,ovulatory_pcos,partner,26.9,46.0,1.0,0.0,0,0,0.4246,ng/mL,9.73
2787,63,2018,35.0,33.0,26.4,7.6,7.0,1.5,male_factor,partner,7.3,29.0,1.0,0.0,0,1,0.3318,ng/mL,1.9
100643,64,2015,35.0,41.0,32.9,10.6,6.0,1.1,tubal,partner,64.9,57.0,1.0,0.0,0,0,0.3514,ng/mL,3.17
117220,1,2015,37.0,39.0,27.6,7.7,10.0,,male_factor,partner,13.4,27.0,1.0,0.0,0,0,0.2521,ng/mL,4.08
39752,30,2021,34.0,37.0,27.0,,2.0,3.8,diminished_reserve,partner,67.0,47.0,0.0,0.0,0,0,0.1628,ng/mL,0.57
38363,51,2020,32.0,41.0,28.2,6.5,17.0,3.7,unexplained,partner,61.0,50.0,2.0,0.0,0,1,0.4091,ng/mL,5.59
91229,45,2012,40.0,45.0,26.2,6.3,5.0,2.9,diminished_reserve,partner,24.7,42.0,0.0,0.0,0,0,0.1139,ng/mL,1.18
25731,19,2021,44.0,50.0,26.0,,9.0,4.1,MALE_FACTOR,partner,18.6,16.0,1.0,0.0,0,0,0.0258,ng/mL,2.13
83876,3,2023,35.0,40.0,25.7,,11.0,4.7,endometriosis,partner,90.1,61.0,1.0,0.0,0,0,0.3575,pmol/L,49.69
4016,29,2020,34.0,39.0,24.2,5.9,3.0,1.6,tubal,partner,68.8,58.0,0.0,1.0,0,1,0.4442,pmol/L,6.57
72235,18,2014,38.0,34.0,25.9,9.1,6.0,5.7,unexplained,partner,100.7,56.0,0.0,0.0,0,0,0.1814,ng/mL,
50023,56,2018,40.0,43.0,29.6,7.8,4.0,1.1,diminished_reserve,partner,99.1,46.0,3.0,0.0,0,0,0.0688,ng/mL,1.17
12677,52,2020,40.0,,26.4,5.2,17.0,3.7,ovulatory_pcos,donor,,,0.0,0.0,0,1,0.2904,ng/mL,10.17
11735,6,2017,41.0,,24.3,7.1,8.0,2.5,tubal,donor,,,2.0,0.0,0,0,0.0894,ng/mL,1.4
72347,54,2019,26.0,26.0,24.7,4.1,29.0,1.9,ovulatory_pcos,partner,62.1,38.0,0.0,0.0,0,1,0.5389,pmol/L,
8698,25,2013,33.0,27.0,29.4,7.4,4.0,3.2,unexplained,partner,79.3,60.0,0.0,0.0,0,0,0.2424,ng/mL,1.68
101510,15,2013,35.0,37.0,25.6,6.0,7.0,3.3,tubal,partner,55.9,59.0,1.0,0.0,0,0,0.2911,ng/mL,
34510,6,2017,35.0,28.0,23.9,8.4,11.0,1.2,tubal,partner,63.3,52.0,0.0,1.0,1,1,0.358,ng/mL,2.52
52406,22,2019,31.0,34.0,,4.6,10.0,0.6,ovulatory_pcos,partner,132.1,28.0,0.0,0.0,0,1,0.511,pmol/L,31.7
46297,26,2012,31.0,,29.2,4.7,16.0,1.5,unexplained,donor,,,0.0,0.0,0,1,0.4737,pmol/L,32.42
30358,12,2020,35.0,,23.7,9.5,9.0,3.9,unexplained,donor,,,2.0,0.0,0,0,0.3668,ng/mL,
102370,30,2012,37.0,36.0,25.8,8.1,2.0,2.6,unexplained,partner,41.3,55.0,1.0,0.0,0,0,0.1519,ng/mL,
8430,60,2014,41.0,41.0,24.4,4.0,5.0,4.5,male factor,partner,15.7,25.0,0.0,0.0,0,0,0.1312,pmol/L,16.21
59653,53,2023,35.0,31.0,24.0,5.9,5.0,5.7,unexplained,partner,57.0,50.0,1.0,0.0,0,0,0.3685,ng/mL,2.87
70656,10,2012,44.0,51.0,24.2,11.1,3.0,2.5,endometriosis,partner,35.5,60.0,4.0,1.0,0,0,0.0226,ng/mL,
12705,38,2017,31.0,30.0,25.5,6.7,9.0,0.6,male_factor,partner,7.4,36.0,1.0,0.0,1,0,0.3353,ng/mL,4.65
3857,6,2020,30.0,35.0,,4.4,19.0,5.6,male_factor,partner,86.1,27.0,1.0,1.0,0,0,0.4775,ng/mL,11.94
95667,48,2023,37.0,40.0,26.3,,7.0,5.2,unexplained,partner,43.7,48.0,0.0,0.0,0,0,0.1687,ng/mL,0.51
42344,41,2012,31.0,32.0,25.8,8.4,6.0,6.0,male_factor,partner,20.2,26.0,0.0,0.0,0,0,0.3158,ng/mL,
38455,12,2014,41.0,,23.4,,5.0,2.2,unexplained,donor,,,2.0,0.0,0,0,0.0789,ng/mL,0.59
7464,25,2020,31.0,34.0,,5.1,13.0,6.6,ovulatory_pcos,partner,37.9,49.0,0.0,1.0,0,0,0.4515,ng/mL,7.11
92238,64,2020,43.0,44.0,26.2,9.9,6.0,2.5,male_factor,partner,23.2,33.0,1.0,1.0,0,0,0.1098,ng/mL,1.78
49104,62,2019,32.0,33.0,28.6,3.4,14.0,2.3,ovulatory_pcos,partner,71.0,35.0,1.0,0.0,0,1,0.4314,ng/mL,12.9
10953,57,2017,40.0,39.0,,6.1,11.0,2.6,unexplained,partner,33.6,39.0,0.0,0.0,0,0,0.2273,ng/mL,4.0
49633,21,2017,34.0,31.0,24.9,10.4,13.0,2.7,unexplained,partner,82.0,64.0,1.0,1.0,0,0,0.4497,ng/mL,2.89
40224,1,2015,42.0,49.0,26.4,7.6,2.0,4.9,diminished_reserve,partner,54.4,50.0,0.0,1.0,0,0,0.0485,ng/mL,0.66
115476,39,2016,34.0,34.0,24.7,18.9,3.0,1.2,male_factor,partner,3.9,29.0,0.0,0.0,0,0,0.1851,ng/mL,0.34
12089,36,2012,29.0,31.0,32.6,3.9,12.0,3.2,ovulatory_pcos,partner,39.8,78.0,0.0,1.0,0,1,0.4753,ng/mL,
106536,4,2014,31.0,36.0,29.8,6.0,11.0,3.1,tubal,partner,96.3,65.0,0.0,0.0,0,0,0.3357,ng/mL,3.01
11613,36,2018,44.0,,22.7,17.4,3.0,2.1,diminished_reserve,donor,,,1.0,0.0,0,0,0.019,ng/mL,0.14
118193,9,2022,33.0,39.0,27.3,,10.0,2.6,tubal,partner,61.3,54.0,0.0,0.0,0,1,0.3176,ng/mL,1.52
34528,45,2019,27.0,30.0,23.1,3.5,15.0,1.5,male_factor,partner,9.1,15.0,0.0,0.0,0,0,0.5152,ng/mL,9.65
46882,56,2023,37.0,40.0,24.0,10.5,,2.8,male_factor,partner,8.7,12.0,1.0,0.0,0,0,0.1965,ng/mL,1.47
54971,61,2020,34.0,38.0,25.1,7.6,10.0,2.1,tubal,partner,31.9,42.0,0.0,0.0,0,1,0.4747,ng/mL,4.91
22246,36,2023,33.0,38.0,27.9,4.7,9.0,6.9,unexplained,partner,48.9,76.0,2.0,0.0,0,0,0.3392,ng/mL,7.26
62605,32,2016,39.0,27.0,24.4,,10.0,1.9,unexplained,partner,45.2,57.0,0.0,0.0,0,1,0.2578,pmol/L,18.92
2921,15,2017,32.0,44.0,23.4,6.4,9.0,3.3,male_factor,partner,,,0.0,0.0,0,0,0.3612,ng/mL,5.56
51407,47,2018,38.0,45.0,25.5,,6.0,6.4,diminished_reserve,partner,34.8,53.0,1.0,0.0,0,0,0.1114,pmol/L,4.57
78101,57,2013,33.0,33.0,26.1,7.9,,1.9,UNEXPLAINED,partner,55.3,50.0,1.0,1.0,0,0,0.4091,ng/mL,
70191,38,2023,26.0,29.0,31.1,5.4,21.0,1.2,male_factor,partner,7.1,18.0,0.0,0.0,0,0,0.4433,ng/mL,11.33
51173,44,2012,32.0,40.0,22.6,5.7,10.0,4.3,MALE_FACTOR,partner,8.6,34.0,0.0,0.0,0,0,0.3473,ng/mL,
100821,22,2021,34.0,34.0,23.6,6.9,11.0,5.1,male_factor,partner,7.3,40.0,0.0,0.0,0,0,0.3332,pmol/L,13.78
34667,50,2019,35.0,,24.5,,10.0,10.2,male factor,donor,,,2.0,0.0,1,0,0.2292,ng/mL,3.48
43178,16,2018,35.0,38.0,28.7,,2.0,1.8,unexplained,partner,,,0.0,0.0,0,0,0.2924,ng/mL,1.22
32410,30,2016,28.0,32.0,25.8,6.0,9.0,0.5,male_factor,partner,5.3,26.0,0.0,0.0,0,0,0.3366,ng/mL,3.54
102261,31,2022,36.0,41.0,27.8,4.1,10.0,3.4,ovulatory_pcos,partner,19.2,70.0,0.0,0.0,0,1,0.4487,ng/mL,7.53
110425,7,2015,40.0,43.0,30.2,8.8,2.0,,tubal,partner,27.9,51.0,1.0,1.0,0,0,0.1414,ng/mL,2.52
107576,16,2014,27.0,28.0,26.3,5.6,19.0,4.1,endometriosis,partner,49.8,42.0,3.0,1.0,0,0,0.4238,ng/mL,
54830,49,2018,38.0,44.0,28.6,7.0,10.0,1.6,endometriosis,partner,88.4,60.0,0.0,1.0,0,1,0.2897,ng/mL,2.65
25312,24,2016,39.0,36.0,27.6,,,2.0,ovulatory_pcos,partner,71.9,53.0,1.0,0.0,0,0,0.2074,ng/mL,10.19
3791,59,2017,33.0,38.0,31.5,,14.0,2.6,tubal,partner,24.0,47.0,2.0,1.0,0,0,0.3283,ng/mL,5.36
109347,43,2023,46.0,49.0,24.5,,6.0,2.9,unexplained,partner,89.7,58.0,0.0,1.0,0,0,0.0602,ng/mL,4.75
16274,51,2016,36.0,38.0,22.9,,8.0,1.9,unexplained,partner,51.8,51.0,3.0,1.0,0,0,0.323,ng/mL,1.63
98872,12,2021,34.0,41.0,,,10.0,3.5,ovulatory_pcos,partner,70.7,57.0,0.0,0.0,0,1,0.4264,ng/mL,4.18
117201,60,2016,41.0,40.0,,7.6,2.0,2.6,unexplained,partner,256.1,62.0,1.0,0.0,1,0,0.1106,pmol/L,12.64
81812,5,2017,39.0,42.0,,7.9,10.0,1.6,male_factor,partner,14.9,21.0,1.0,0.0,0,1,0.1322,ng/mL,2.07
44485,34,2023,37.0,40.0,27.4,8.8,5.0,2.2,diminished_reserve,partner,42.1,26.0,1.0,0.0,0,0,0.1069,ng/mL,0.37
48901,54,2017,31.0,,25.4,6.4,5.0,2.2,male factor,donor,,,0.0,0.0,0,0,0.3718,pmol/L,13.92
11002,36,2023,32.0,33.0,28.7,,10.0,1.4,unexplained,partner,61.8,47.0,2.0,1.0,0,1,0.4636,ng/mL,5.68
23469,49,2023,39.0,45.0,25.1,8.0,6.0,3.1,male_factor,partner,6.6,12.0,1.0,0.0,0,0,0.1984,ng/mL,2.81
10861,22,2013,36.0,33.0,24.4,6.1,9.0,,male_factor,partner,17.6,30.0,0.0,0.0,0,1,0.3181,pmol/L,
1779,45,2013,30.0,39.0,24.5,3.8,22.0,2.5,unexplained,partner,17.8,47.0,0.0,0.0,0,1,0.5141,ng/mL,5.8
7022,51,2012,41.0,44.0,24.3,9.9,,3.8,male_factor,partner,3.0,6.0,2.0,0.0,1,0,0.0691,ng/mL,
24757,62,2016,37.0,36.0,27.8,4.9,16.0,,ovulatory_pcos,partner,71.1,30.0,2.0,0.0,1,0,0.2446,ng/mL,3.81
59872,27,2022,26.0,33.0,26.9,,9.0,0.5,tubal,partner,86.8,58.0,1.0,0.0,0,0,0.4008,ng/mL,6.13
49482,43,2015,31.0,37.0,26.3,,3.0,2.7,unexplained,partner,78.2,53.0,0.0,0.0,0,0,0.3731,ng/mL,1.85
38878,63,2021,38.0,30.0,25.4,6.5,7.0,4.2,UNEXPLAINED,partner,33.7,41.0,0.0,0.0,0,0,0.2975,ng/mL,2.6
83212,44,2021,36.0,41.0,,8.5,,2.7,ovulatory_pcos,partner,22.6,53.0,0.0,0.0,0,1,0.2996,ng/mL,1.44
41928,44,2022,31.0,,24.3,4.7,12.0,1.3,male_factor,donor,,,0.0,0.0,0,0,0.5293,ng/mL,6.82
19339,56,2014,36.0,31.0,25.1,7.4,11.0,2.3,tubal,partner,278.5,45.0,0.0,0.0,0,0,0.3614,ng/mL,
58440,14,2012,31.0,33.0,32.3,,17.0,4.5,endometriosis,partner,29.1,38.0,0.0,1.0,0,0,0.4041,ng/mL,12.07
19571,28,2014,36.0,41.0,29.3,5.6,6.0,6.3,endometriosis,partner,120.8,52.0,1.0,0.0,0,0,0.1391,ng/mL,
42809,49,2020,34.0,35.0,25.0,,15.0,3.5,endometriosis,partner,68.6,54.0,0.0,0.0,1,1,0.3975,ng/mL,6.84
73661,24,2022,37.0,36.0,30.3,4.5,6.0,6.6,ovulatory_pcos,partner,63.7,46.0,0.0,0.0,1,0,0.1725,ng/mL,4.1
37820,17,2014,33.0,33.0,26.6,6.5,16.0,2.2,tubal,partner,38.5,48.0,0.0,0.0,0,0,0.414,pmol/L,
33550,59,2012,23.0,20.0,22.0,5.9,13.0,1.4,male_factor,partner,10.8,47.0,1.0,0.0,0,1,0.4024,ng/mL,8.14
65009,41,2013,34.0,39.0,27.8,5.2,5.0,4.9,male_factor,partner,,,2.0,1.0,0,0,0.3155,ng/mL,
30876,57,2015,32.0,34.0,27.4,5.6,11.0,3.4,unexplained,partner,97.3,69.0,1.0,1.0,0,0,0.4544,ng/mL,6.94
101533,42,2014,31.0,30.0,25.8,5.6,13.0,2.5,male_factor,partner,8.8,23.0,0.0,0.0,0,1,0.3714,pmol/L,40.63
49816,9,2023,43.0,48.0,30.6,7.5,3.0,,unexplained,partner,44.8,55.0,3.0,0.0,0,0,0.0259,ng/mL,0.53
20867,44,2023,39.0,35.0,25.0,7.3,3.0,4.8,male_factor,partner,2.4,32.0,0.0,0.0,0,0,0.1078,ng/mL,0.56
76194,60,2022,31.0,,22.6,6.9,8.0,4.1,male_factor,donor,,,2.0,1.0,0,1,0.3985,pmol/L,
71078,5,2015,43.0,49.0,28.9,4.9,5.0,4.3,male_factor,partner,3.4,42.0,3.0,0.0,0,0,0.0214,ng/mL,1.81
80640,8,2021,31.0,34.0,24.7,4.1,15.0,1.8,ovulatory_pcos,partner,40.0,47.0,0.0,1.0,0,1,0.6058,ng/mL,8.37
85018,59,2016,32.0,36.0,27.9,,21.0,4.8,ovulatory_pcos,partner,21.3,49.0,1.0,0.0,0,1,0.3689,ng/mL,12.58
8452,45,2018,33.0,35.0,31.0,6.9,8.0,4.8,ovulatory_pcos,partner,65.0,56.0,0.0,0.0,0,0,0.4133,ng/mL,5.98
24764,14,2019,38.0,41.0,,3.3,10.0,4.1,male_factor,partner,5.7,8.0,0.0,0.0,0,0,0.2243,ng/mL,4.13
108063,55,2013,38.0,39.0,28.1,11.5,2.0,3.5,diminished_reserve,partner,95.8,7.0,1.0,1.0,0,0,0.0802,ng/mL,
92646,10,2014,38.0,42.0,23.9,,11.0,1.4,unexplained,partner,11.9,43.0,3.0,0.0,0,1,0.2091,ng/mL,3.25
112608,5,2018,30.0,29.0,24.7,7.2,13.0,3.7,unexplained,partner,61.3,65.0,0.0,0.0,0,0,0.3554,ng/mL,3.67
43738,12,2017,33.0,36.0,26.2,7.7,8.0,3.7,unexplained,partner,76.9,42.0,0.0,1.0,0,0,0.3955,ng/mL,1.67
2138,21,2019,39.0,38.0,31.3,,17.0,2.4,ovulatory_pcos,partner,71.4,58.0,0.0,0.0,0,0,0.2685,ng/mL,8.95
42902,58,2013,32.0,30.0,29.2,5.6,,2.1,ovulatory pcos,partner,65.2,56.0,0.0,0.0,0,0,0.4588,pmol/L,66.54
30412,19,2019,39.0,29.0,22.7,11.3,9.0,4.3,unexplained,partner,136.4,51.0,2.0,0.0,0,0,0.1084,ng/mL,1.58
51691,55,2016,34.0,41.0,27.6,5.5,14.0,5.2,ovulatory_pcos,partner,60.6,47.0,2.0,0.0,0,0,0.3148,ng/mL,3.73
79861,5,2016,34.0,37.0,27.9,3.7,10.0,3.8,ovulatory_pcos,partner,83.3,63.0,1.0,1.0,0,0,0.3691,ng/mL,6.13
12139,34,2014,34.0,31.0,24.0,5.8,8.0,4.2,MALE_FACTOR,partner,39.4,26.0,1.0,1.0,0,0,0.4104,ng/mL,2.96
78545,38,2019,38.0,41.0,22.8,8.9,5.0,1.2,diminished_reserve,partner,43.2,57.0,2.0,0.0,0,0,0.1339,ng/mL,0.94
72773,25,2012,41.0,52.0,,6.9,7.0,6.6,unexplained,partner,32.1,56.0,1.0,0.0,0,0,0.0601,ng/mL,
58633,56,2023,32.0,36.0,23.9,9.1,9.0,7.1,diminished_reserve,partner,28.1,63.0,2.0,1.0,0,1,0.2856,ng/mL,2.37
27353,36,2012,36.0,30.0,30.1,6.6,5.0,1.5,tubal,partner,28.4,19.0,1.0,1.0,0,0,0.2407,ng/mL,
78273,3,2015,35.0,39.0,26.5,3.7,14.0,5.4,ovulatory_pcos,partner,120.3,59.0,3.0,0.0,1,0,0.2903,pmol/L,122.02
59821,36,2018,34.0,41.0,25.6,,4.0,2.4,unexplained,partner,39.3,40.0,0.0,0.0,0,0,0.3391,ng/mL,1.64
5463,4,2021,30.0,42.0,30.9,3.6,,1.7,ovulatory_pcos,partner,51.0,66.0,1.0,0.0,0,0,0.4036,ng/mL,7.68
2373,3,2015,34.0,33.0,35.5,7.2,2.0,2.7,unexplained,partner,50.2,60.0,0.0,0.0,0,0,0.2733,pmol/L,23.85
74835,33,2018,33.0,30.0,,3.9,8.0,,unexplained,partner,68.3,38.0,1.0,0.0,0,1,0.3991,ng/mL,6.71
44764,43,2012,35.0,37.0,28.4,,,1.2,male_factor,partner,9.8,22.0,1.0,0.0,0,0,0.2728,ng/mL,1.71
118108,25,2017,33.0,29.0,,,12.0,0.6,ovulatory_pcos,partner,103.4,47.0,1.0,0.0,0,0,0.4157,ng/mL,5.76
90782,46,2017,23.0,27.0,24.2,3.6,10.0,1.7,tubal,partner,84.7,39.0,1.0,0.0,0,0,0.4852,ng/mL,4.14
1921,17,2013,30.0,26.0,,6.7,10.0,7.0,male_factor,partner,1.8,23.0,0.0,0.0,0,1,0.2903,pmol/L,36.2
53192,55,2016,39.0,39.0,23.4,,4.0,7.8,diminished reserve,partner,73.5,51.0,1.0,0.0,0,0,0.073,ng/mL,0.77
54487,38,2012,35.0,29.0,24.4,9.0,6.0,,diminished_reserve,partner,95.9,59.0,2.0,0.0,0,0,0.1609,ng/mL,
98199,10,2018,30.0,29.0,27.6,6.7,6.0,3.7,tubal,partner,58.3,62.0,0.0,0.0,0,0,0.2855,ng/mL,0.67
40262,27,2020,35.0,29.0,23.4,10.3,8.0,3.0,male_factor,partner,7.7,17.0,0.0,1.0,0,1,0.3661,ng/mL,3.35
56988,32,2012,41.0,39.0,31.6,,7.0,,male_factor,partner,11.4,30.0,0.0,0.0,0,0,0.098,pmol/L,15.92
118048,9,2020,38.0,40.0,23.7,2.9,9.0,8.4,unexplained,partner,56.7,63.0,1.0,0.0,0,0,0.1936,ng/mL,2.73
109556,22,2022,41.0,,31.0,,3.0,1.9,male_factor,donor,,,3.0,0.0,1,0,0.0698,pmol/L,7.35
72431,63,2020,37.0,40.0,23.8,12.3,4.0,2.3,endometriosis,partner,280.0,37.0,2.0,0.0,0,0,0.1987,ng/mL,0.85
22814,8,2018,32.0,31.0,25.3,12.9,7.0,1.3,male_factor,partner,3.2,17.0,0.0,0.0,1,1,0.2401,ng/mL,0.72
115572,38,2013,44.0,52.0,27.4,18.6,1.0,5.6,diminished_reserve,partner,30.6,53.0,2.0,0.0,0,0,0.0088,ng/mL,
114449,29,2012,32.0,30.0,33.4,4.9,7.0,5.1,ovulatory_pcos,partner,31.3,61.0,0.0,0.0,0,1,0.3769,pmol/L,26.56
33417,11,2015,33.0,34.0,,6.0,7.0,1.2,unexplained,partner,53.7,58.0,3.0,1.0,0,1,0.4122,ng/mL,
64300,42,2021,24.0,27.0,26.7,4.7,10.0,1.4,male factor,partner,13.8,17.0,0.0,0.0,0,0,0.4003,pmol/L,24.49
99298,47,2017,27.0,31.0,27.1,4.9,15.0,1.4,endometriosis,partner,52.7,48.0,0.0,0.0,0,0,0.4255,pmol/L,25.2
34245,25,2017,35.0,36.0,33.5,7.9,2.0,3.4,combined,partner,27.6,12.0,2.0,0.0,0,0,0.0932,ng/mL,0.51
3495,58,2017,42.0,39.0,26.9,,,10.8,unexplained,partner,26.8,72.0,0.0,0.0,0,0,0.0892,pmol/L,29.56
19698,6,2019,31.0,32.0,24.7,7.1,6.0,2.1,unexplained,partner,104.4,56.0,1.0,1.0,0,0,0.3572,ng/mL,1.65
95858,23,2020,31.0,35.0,25.2,7.6,5.0,5.1,combined,partner,,,2.0,0.0,0,1,0.2087,pmol/L,18.35
113197,18,2015,36.0,41.0,,4.9,7.0,,tubal,partner,43.9,72.0,1.0,2.0,0,1,0.331,ng/mL,2.36
41559,59,2013,31.0,42.0,25.1,10.6,6.0,2.8,tubal,partner,40.5,57.0,0.0,0.0,0,0,0.2732,ng/mL,
82028,42,2023,38.0,42.0,22.5,,,0.8,male_factor,partner,13.3,1.0,1.0,1.0,0,1,0.2412,pmol/L,14.57
98903,52,2016,34.0,35.0,23.7,8.1,11.0,2.6,tubal,partner,55.3,55.0,1.0,0.0,0,0,0.3929,ng/mL,
45782,25,2019,34.0,33.0,26.6,,,2.4,unexplained,partner,125.9,70.0,2.0,0.0,0,1,0.2539,ng/mL,2.0
112434,32,2014,32.0,34.0,29.0,4.3,21.0,2.5,ovulatory_pcos,partner,62.5,58.0,0.0,0.0,0,1,0.4879,pmol/L,
69738,32,2018,43.0,41.0,28.9,13.4,1.0,3.9,ovulatory_pcos,partner,66.5,58.0,2.0,0.0,0,0,0.0251,pmol/L,3.14
77598,7,2015,40.0,39.0,22.8,,,4.0,unexplained,partner,83.7,44.0,1.0,0.0,0,0,0.1733,ng/mL,3.61
38172,45,2013,38.0,40.0,24.7,10.8,9.0,4.8,tubal,partner,54.6,67.0,2.0,0.0,0,0,0.1953,ng/mL,
114987,20,2015,32.0,32.0,24.7,4.8,18.0,2.5,unexplained,partner,33.3,51.0,2.0,0.0,0,0,0.3573,ng/mL,6.64
79886,44,2019,34.0,34.0,27.2,,7.0,1.1,unexplained,partner,23.2,50.0,1.0,0.0,0,1,0.3622,ng/mL,3.25
12081,45,2012,33.0,37.0,24.3,6.0,6.0,6.8,unexplained,partner,64.5,52.0,2.0,0.0,0,0,0.2794,ng/mL,1.85
72139,64,2013,33.0,34.0,25.7,,,5.3,unexplained,partner,146.7,38.0,2.0,0.0,0,1,0.3618,ng/mL,2.67
80672,60,2014,32.0,37.0,24.3,6.2,,3.4,diminished_reserve,partner,44.5,69.0,1.0,0.0,0,0,0.2562,pmol/L,
33460,15,2018,41.0,37.0,32.6,8.6,5.0,5.1,unexplained,partner,16.2,65.0,2.0,1.0,0,0,0.0862,ng/mL,2.0
7044,44,2015,44.0,44.0,24.2,6.9,8.0,2.1,ovulatory_pcos,partner,100.8,44.0,3.0,1.0,0,1,0.0573,ng/mL,2.3
63029,51,2014,26.0,27.0,23.2,,14.0,1.6,male_factor,partner,,,0.0,0.0,0,0,0.4872,ng/mL,5.91
59441,28,2014,41.0,47.0,24.6,6.4,8.0,2.9,unexplained,partner,49.3,79.0,1.0,1.0,0,0,0.1537,ng/mL,3.07
50294,8,2017,37.0,32.0,31.3,4.7,9.0,2.8,ovulatory_pcos,partner,27.9,70.0,3.0,0.0,0,1,0.2183,ng/mL,
47654,7,2019,42.0,44.0,27.2,,7.0,2.6,unexplained,partner,24.9,81.0,0.0,0.0,0,0,0.0821,ng/mL,1.42
40222,54,2023,37.0,38.0,26.7,7.7,13.0,5.9,male_factor,partner,1.9,33.0,0.0,0.0,1,0,0.1688,pmol/L,14.57
25527,28,2020,35.0,39.0,24.3,4.8,,5.9,unexplained,partner,45.9,46.0,1.0,0.0,1,1,0.3237,ng/mL,7.59
15867,35,2018,27.0,32.0,22.5,5.6,11.0,2.1,combined,partner,20.9,17.0,2.0,0.0,0,0,0.2796,ng/mL,2.22
46697,54,2020,37.0,36.0,26.0,4.7,,4.9,unexplained,partner,37.1,58.0,0.0,0.0,1,1,0.2253,pmol/L,20.71
17170,16,2019,34.0,35.0,24.5,4.2,,,male_factor,partner,7.3,20.0,1.0,0.0,0,0,0.3331,ng/mL,3.05
102771,45,2017,45.0,41.0,25.7,16.8,2.0,3.2,tubal,partner,60.9,41.0,0.0,1.0,0,0,0.0244,ng/mL,0.3
68580,41,2019,36.0,38.0,,,5.0,1.6,unexplained,partner,16.5,57.0,0.0,0.0,0,0,0.3069,ng/mL,1.08
1454,35,2022,33.0,35.0,26.1,,17.0,3.7,male_factor,partner,3.2,28.0,1.0,0.0,0,0,0.3568,ng/mL,3.44
18171,43,2013,42.0,45.0,31.4,16.0,2.0,3.6,unexplained,partner,57.6,57.0,2.0,0.0,1,0,0.0334,ng/mL,
37970,32,2012,33.0,28.0,28.9,7.3,16.0,,unexplained,partner,33.1,79.0,0.0,0.0,0,1,0.4061,pmol/L,
15936,56,2012,34.0,44.0,26.8,5.0,6.0,2.4,combined,partner,11.1,34.0,4.0,1.0,0,0,0.173,ng/mL,
85305,33,2020,35.0,39.0,25.8,7.8,6.0,2.6,male_factor,partner,3.0,9.0,1.0,0.0,0,0,0.2809,ng/mL,2.14
20015,7,2021,37.0,44.0,26.6,4.9,4.0,3.4,ovulatory_pcos,partner,45.9,60.0,3.0,1.0,0,0,0.2503,ng/mL,2.17
73999,58,2016,37.0,39.0,25.4,,6.0,2.5,unexplained,partner,36.8,41.0,1.0,0.0,0,0,0.2929,pmol/L,21.85
29793,51,2022,26.0,32.0,28.4,,,2.8,ovulatory_pcos,partner,64.3,28.0,1.0,0.0,0,0,0.4949,ng/mL,4.27
4859,38,2012,33.0,43.0,28.1,5.9,8.0,3.4,male_factor,partner,12.2,13.0,1.0,0.0,0,1,0.2725,ng/mL,3.45
117967,26,2015,43.0,43.0,24.5,8.5,4.0,4.1,diminished_reserve,partner,38.5,67.0,2.0,0.0,0,0,0.0202,pmol/L,2.21
30898,47,2018,27.0,34.0,34.3,5.6,15.0,1.0,endometriosis,partner,46.9,66.0,2.0,1.0,0,1,0.3951,pmol/L,
32592,38,2023,25.0,25.0,29.9,7.3,14.0,,unexplained,partner,56.0,32.0,1.0,0.0,0,1,0.4196,ng/mL,
39201,17,2020,34.0,,29.0,,5.0,,tubal,donor,,,2.0,0.0,0,0,0.2421,pmol/L,8.35
67889,54,2017,36.0,45.0,28.6,,6.0,2.3,ovulatory_pcos,partner,68.6,26.0,2.0,0.0,0,0,0.2742,pmol/L,44.41
48546,62,2019,34.0,43.0,25.3,4.7,11.0,6.6,ovulatory_pcos,partner,62.2,59.0,0.0,1.0,0,1,0.4693,ng/mL,5.6
92478,31,2022,31.0,37.0,24.9,6.7,7.0,3.8,male_factor,partner,13.1,6.0,0.0,0.0,0,1,0.3585,ng/mL,1.55
70739,36,2019,37.0,,24.5,4.7,6.0,1.8,unexplained,donor,,,0.0,0.0,0,0,0.3618,ng/mL,3.54
64849,8,2020,27.0,38.0,22.5,,22.0,4.7,male_factor,partner,15.0,26.0,0.0,0.0,0,0,0.4855,ng/mL,9.46
89416,56,2019,38.0,32.0,22.8,7.2,,3.9,male_factor,partner,4.4,25.0,1.0,0.0,0,0,0.1685,ng/mL,2.09
46943,63,2021,35.0,38.0,33.7,12.1,3.0,3.5,diminished_reserve,partner,21.0,70.0,3.0,0.0,0,0,0.1036,ng/mL,0.43
1646,18,2015,35.0,34.0,23.7,7.2,7.0,3.0,male_factor,partner,4.5,12.0,2.0,0.0,1,1,0.175,ng/mL,1.02
80568,47,2015,38.0,39.0,25.0,,4.0,3.9,ENDOMETRIOSIS,partner,51.3,57.0,0.0,0.0,0,0,0.1622,pmol/L,6.35
60518,5,2023,39.0,45.0,,11.1,6.0,3.2,diminished_reserve,partner,25.1,32.0,1.0,0.0,0,0,0.0713,ng/mL,0.79
48194,52,2013,37.0,42.0,23.4,6.6,8.0,6.7,tubal,partner,69.4,44.0,0.0,1.0,0,0,0.339,ng/mL,
47166,48,2017,32.0,36.0,28.1,,14.0,4.3,ovulatory_pcos,partner,110.3,51.0,1.0,1.0,0,0,0.4079,ng/mL,4.88
71092,13,2015,33.0,35.0,26.2,4.7,15.0,7.3,tubal,partner,50.9,38.0,0.0,1.0,0,1,0.4825,ng/mL,5.13
7065,21,2020,42.0,47.0,29.2,7.6,,,unexplained,partner,58.9,48.0,1.0,0.0,0,0,0.0401,ng/mL,0.85
21075,37,2015,36.0,37.0,25.8,5.8,8.0,,combined,partner,7.3,33.0,1.0,0.0,0,0,0.167,ng/mL,1.54
31744,21,2018,37.0,38.0,,5.6,,,male_factor,partner,21.1,38.0,0.0,1.0,0,0,0.4484,ng/mL,6.6
55374,29,2023,26.0,,24.6,9.3,,2.9,male_factor,donor,,,0.0,0.0,1,0,0.4471,pmol/L,10.92
70104,60,2022,32.0,33.0,27.0,,7.0,,tubal,partner,31.0,60.0,0.0,0.0,0,0,0.4078,pmol/L,16.99
6635,5,2019,35.0,39.0,25.6,,7.0,2.2,unexplained,partner,59.5,45.0,1.0,0.0,0,1,0.2085,ng/mL,0.67
106233,50,2012,27.0,32.0,25.7,5.4,13.0,1.3,unexplained,partner,36.9,52.0,0.0,0.0,0,1,0.4176,ng/mL,4.56
12762,21,2019,32.0,30.0,23.3,8.8,8.0,1.4,unexplained,partner,56.4,40.0,2.0,0.0,1,0,0.3548,ng/mL,5.23
29988,54,2023,37.0,49.0,27.5,5.8,9.0,0.9,unexplained,partner,109.0,42.0,1.0,0.0,0,0,0.2166,pmol/L,12.14
116976,35,2021,42.0,40.0,22.7,10.4,2.0,7.5,diminished_reserve,partner,51.7,78.0,2.0,0.0,0,0,0.0232,ng/mL,0.46
83285,53,2015,36.0,37.0,25.2,10.3,3.0,3.2,male_factor,partner,18.2,8.0,1.0,0.0,0,0,0.1984,ng/mL,0.63
43109,35,2020,28.0,27.0,25.8,6.1,12.0,2.2,ovulatory_pcos,partner,54.8,53.0,0.0,1.0,0,1,0.5777,ng/mL,5.68
15238,8,2019,35.0,38.0,,9.1,6.0,7.1,unexplained,partner,51.7,60.0,3.0,1.0,0,0,0.2629,ng/mL,1.21
79298,34,2019,29.0,29.0,22.3,3.8,,1.5,unexplained,partner,44.4,36.0,0.0,0.0,0,0,0.4617,ng/mL,3.87
44823,16,2022,36.0,38.0,26.8,6.7,10.0,1.0,endometriosis,partner,53.9,50.0,1.0,0.0,0,0,0.314,ng/mL,2.83
82036,40,2020,36.0,36.0,24.0,6.9,8.0,0.9,male_factor,partner,5.1,9.0,0.0,0.0,0,0,0.2082,ng/mL,1.61
70456,31,2013,32.0,42.0,26.4,3.8,13.0,2.4,ovulatory_pcos,partner,44.9,56.0,1.0,0.0,0,0,0.4729,ng/mL,
84652,50,2021,37.0,39.0,26.7,9.4,2.0,3.0,male_factor,partner,6.8,41.0,2.0,0.0,0,1,0.0878,ng/mL,0.48
54576,49,2018,32.0,28.0,36.7,6.2,3.0,7.5,male_factor,partner,2.9,26.0,0.0,1.0,0,0,0.2198,ng/mL,1.39
46666,19,2013,34.0,41.0,21.9,4.9,13.0,0.8,endometriosis,partner,51.1,52.0,1.0,0.0,0,1,0.2897,ng/mL,6.9
25714,2,2018,45.0,50.0,28.2,,5.0,4.1,unexplained,partner,47.0,62.0,4.0,1.0,0,0,0.0189,ng/mL,1.12
39142,10,2020,35.0,39.0,22.5,10.3,3.0,3.9,male_factor,partner,4.7,40.0,0.0,0.0,0,1,0.3524,ng/mL,3.06
95353,30,2015,31.0,35.0,31.4,8.6,9.0,4.9,unexplained,partner,35.2,65.0,1.0,1.0,1,0,0.1888,ng/mL,1.18
24849,53,2022,35.0,40.0,25.8,7.4,6.0,,unexplained,partner,83.5,62.0,3.0,0.0,0,0,0.2698,ng/mL,1.21
68904,18,2015,35.0,27.0,24.9,6.2,,1.9,male_factor,partner,25.0,21.0,2.0,0.0,0,0,0.2242,ng/mL,0.71
114498,35,2015,27.0,34.0,21.9,4.8,,2.8,endometriosis,partner,64.4,61.0,1.0,1.0,0,0,0.5023,ng/mL,12.46
115891,7,2015,30.0,32.0,32.4,9.0,8.0,3.3,combined,partner,4.0,23.0,1.0,0.0,0,0,0.1909,ng/mL,
110201,47,2015,35.0,37.0,24.4,,8.0,1.0,male_factor,partner,8.6,33.0,0.0,1.0,0,0,0.4012,pmol/L,13.14
7720,47,2018,29.0,20.0,29.4,5.0,9.0,,male_factor,partner,1.8,10.0,3.0,0.0,0,0,0.2701,pmol/L,19.92
82994,54,2017,32.0,41.0,28.5,5.6,18.0,2.2,ovulatory_pcos,partner,54.8,39.0,1.0,0.0,0,0,0.4027,pmol/L,51.76
20417,63,2023,34.0,47.0,30.3,6.7,1.0,1.5,male_factor,partner,16.4,10.0,0.0,1.0,0,0,0.3061,ng/mL,0.67
58384,58,2017,28.0,29.0,22.5,4.3,13.0,2.5,endometriosis,partner,46.2,45.0,0.0,0.0,0,0,0.4309,pmol/L,25.35
83808,24,2023,39.0,42.0,23.3,10.4,4.0,2.3,TUBAL,partner,25.7,48.0,2.0,0.0,0,0,0.0892,ng/mL,0.8
118912,49,2020,38.0,42.0,30.2,9.5,4.0,2.0,unexplained,partner,62.0,23.0,0.0,0.0,0,0,0.1994,ng/mL,1.21
62875,11,2021,36.0,33.0,26.0,6.6,9.0,1.7,unexplained,partner,27.7,42.0,1.0,0.0,0,1,0.3797,ng/mL,3.29
84029,21,2017,35.0,36.0,32.4,9.8,8.0,2.6,unexplained,partner,89.6,55.0,1.0,0.0,0,0,0.2582,ng/mL,1.84
117415,54,2013,37.0,44.0,23.8,6.3,9.0,1.6,male_factor,partner,3.7,10.0,0.0,0.0,0,1,0.2216,pmol/L,
115743,30,2018,35.0,31.0,24.5,5.7,12.0,2.5,endometriosis,partner,151.5,58.0,3.0,0.0,0,0,0.213,ng/mL,2.21
114853,35,2018,31.0,31.0,25.3,5.5,17.0,1.3,tubal,partner,62.3,50.0,0.0,0.0,0,0,0.4682,ng/mL,4.0
22371,3,2015,35.0,36.0,29.4,9.5,5.0,3.9,unexplained,partner,159.6,31.0,1.0,1.0,0,0,0.2557,pmol/L,4.86
106425,15,2015,43.0,46.0,29.0,8.3,10.0,5.0,ovulatory_pcos,partner,41.4,74.0,0.0,0.0,1,0,0.0429,ng/mL,1.74
11045,13,2014,33.0,32.0,24.5,5.9,7.0,4.4,combined,partner,8.6,30.0,0.0,0.0,0,0,0.2915,ng/mL,2.31
36644,27,2015,37.0,42.0,,12.9,3.0,2.9,diminished_reserve,partner,75.2,58.0,0.0,0.0,1,0,0.0897,ng/mL,0.58
87691,20,2012,46.0,52.0,23.4,16.9,0.0,1.7,diminished_reserve,partner,38.7,52.0,2.0,0.0,0,0,0.005,ng/mL,0.12
48504,28,2014,31.0,28.0,25.9,5.3,14.0,2.3,male_factor,partner,9.8,19.0,0.0,0.0,0,0,0.3746,ng/mL,
119419,49,2014,38.0,46.0,25.4,3.9,26.0,1.7,ovulatory_pcos,partner,165.0,62.0,0.0,0.0,0,0,0.3898,ng/mL,
43411,44,2015,34.0,40.0,22.3,,4.0,1.4,UNEXPLAINED,partner,56.3,43.0,0.0,0.0,0,1,0.4097,ng/mL,4.47
42661,31,2014,31.0,38.0,29.4,5.2,8.0,3.0,unexplained,partner,47.6,67.0,0.0,0.0,1,0,0.2845,ng/mL,
68714,13,2017,30.0,35.0,26.0,4.5,11.0,6.7,OVULATORY_PCOS,partner,84.7,66.0,1.0,1.0,0,1,0.5202,ng/mL,8.41
52400,61,2023,42.0,49.0,25.2,7.3,13.0,1.7,male_factor,partner,11.5,25.0,1.0,0.0,0,0,0.1071,ng/mL,2.36
62477,37,2014,37.0,,25.9,5.4,7.0,6.2,unexplained,donor,,,1.0,0.0,0,0,0.2441,ng/mL,
7188,54,2014,38.0,44.0,37.1,,4.0,2.1,ovulatory_pcos,partner,43.7,81.0,1.0,0.0,0,0,0.113,pmol/L,10.64
29379,58,2023,32.0,33.0,27.2,4.5,12.0,2.5,male_factor,partner,15.1,36.0,0.0,0.0,0,0,0.3933,pmol/L,16.14
7734,33,2014,31.0,35.0,28.3,6.1,10.0,4.2,unexplained,partner,85.6,56.0,1.0,0.0,0,0,0.3301,ng/mL,
57313,21,2019,38.0,42.0,25.4,5.5,7.0,1.6,tubal,partner,55.6,52.0,0.0,0.0,0,1,0.2645,ng/mL,2.71
8859,33,2018,33.0,37.0,28.8,,5.0,2.9,endometriosis,partner,84.1,61.0,1.0,0.0,0,0,0.2189,ng/mL,1.12
3263,15,2012,37.0,44.0,26.9,6.8,,1.9,tubal,partner,60.5,39.0,2.0,1.0,0,0,0.2387,ng/mL,2.34
76712,25,2016,36.0,42.0,24.0,6.2,4.0,3.5,tubal,partner,110.8,55.0,0.0,0.0,0,0,0.1999,ng/mL,0.92
90728,11,2013,39.0,45.0,23.8,11.4,4.0,3.6,MALE_FACTOR,partner,13.9,10.0,0.0,0.0,0,1,0.1587,ng/mL,
47427,4,2021,29.0,33.0,29.6,3.5,16.0,5.3,male_factor,partner,5.2,26.0,0.0,0.0,0,1,0.3582,ng/mL,
41416,64,2017,28.0,36.0,23.4,6.4,4.0,,diminished_reserve,partner,263.5,56.0,1.0,1.0,0,1,0.3764,ng/mL,0.77
98120,41,2023,38.0,40.0,29.9,10.1,6.0,1.3,tubal,partner,25.0,27.0,1.0,1.0,0,0,0.2091,ng/mL,0.62
8592,17,2020,31.0,29.0,24.9,9.4,11.0,2.4,unexplained,partner,43.3,51.0,0.0,0.0,0,0,0.4306,pmol/L,21.92
7150,12,2020,37.0,33.0,24.6,7.3,12.0,2.0,unexplained,partner,33.8,56.0,0.0,1.0,0,0,0.4046,ng/mL,
100868,47,2023,34.0,,25.6,7.3,,,endometriosis,donor,,,0.0,0.0,0,1,0.2826,pmol/L,12.5
102884,19,2013,35.0,41.0,23.7,3.2,13.0,6.1,endometriosis,partner,87.9,53.0,0.0,0.0,0,0,0.262,ng/mL,
110969,27,2023,37.0,47.0,24.3,8.7,7.0,6.5,unexplained,partner,,,0.0,0.0,0,1,0.1904,ng/mL,1.7
42711,15,2021,34.0,40.0,23.5,5.9,10.0,0.8,endometriosis,partner,49.1,54.0,0.0,0.0,0,0,0.4151,ng/mL,6.73
59386,4,2012,32.0,40.0,26.3,5.8,13.0,2.2,unexplained,partner,215.0,76.0,0.0,0.0,1,0,0.3419,ng/mL,
26049,49,2017,41.0,49.0,26.4,6.1,10.0,,unexplained,partner,43.0,52.0,1.0,0.0,0,0,0.159,ng/mL,4.64
106762,27,2015,33.0,37.0,27.8,4.1,15.0,3.1,ovulatory_pcos,partner,119.4,64.0,0.0,0.0,0,0,0.3834,ng/mL,7.33
22456,21,2021,35.0,35.0,27.2,7.3,4.0,9.0,unexplained,partner,70.5,60.0,0.0,0.0,0,0,0.223,ng/mL,0.82
68529,21,2019,43.0,45.0,24.4,10.7,4.0,5.3,endometriosis,partner,11.8,49.0,1.0,0.0,0,0,0.0296,ng/mL,0.8
115369,11,2023,33.0,34.0,27.2,4.2,15.0,4.2,unexplained,partner,100.4,47.0,1.0,0.0,1,0,0.3979,ng/mL,6.72
17067,16,2022,36.0,31.0,31.3,3.6,9.0,2.3,ovulatory_pcos,partner,66.5,51.0,3.0,0.0,0,0,0.2867,ng/mL,4.54
103555,4,2023,35.0,41.0,27.2,6.6,4.0,5.2,endometriosis,partner,37.6,64.0,1.0,0.0,0,0,0.24,ng/mL,1.78
64405,32,2018,41.0,31.0,31.5,12.2,4.0,3.9,diminished_reserve,partner,119.1,64.0,3.0,0.0,0,0,0.0378,pmol/L,3.78
41297,43,2019,36.0,40.0,24.5,6.9,,5.8,male_factor,partner,1.9,31.0,1.0,0.0,0,0,0.2676,ng/mL,2.5
119285,63,2021,36.0,41.0,26.3,10.9,8.0,2.1,male_factor,partner,1.6,26.0,1.0,0.0,0,1,0.297,ng/mL,2.05
16067,13,2020,37.0,41.0,,6.7,4.0,1.1,unexplained,partner,193.4,26.0,1.0,1.0,0,1,0.3953,ng/mL,2.65
75244,32,2013,41.0,45.0,27.7,6.0,2.0,4.5,diminished_reserve,partner,69.6,39.0,1.0,1.0,0,0,0.0431,pmol/L,
28531,42,2015,40.0,51.0,27.4,9.9,8.0,2.5,combined,partner,5.7,11.0,2.0,0.0,0,0,0.0567,pmol/L,
65363,16,2018,35.0,31.0,28.2,5.0,15.0,4.2,ovulatory_pcos,partner,16.5,62.0,0.0,0.0,0,1,0.4408,ng/mL,10.58
64357,33,2018,35.0,37.0,32.9,4.8,10.0,4.5,ovulatory_pcos,partner,15.9,44.0,0.0,1.0,0,1,0.3888,ng/mL,
100589,57,2020,36.0,,29.3,,3.0,3.5,diminished_reserve,donor,,,2.0,0.0,0,0,0.1516,ng/mL,0.84
4144,26,2023,33.0,35.0,25.5,7.0,5.0,5.2,unexplained,partner,,,0.0,0.0,0,1,0.3272,pmol/L,7.0
63597,26,2012,33.0,40.0,24.4,3.8,9.0,5.4,endometriosis,partner,78.5,69.0,1.0,0.0,0,1,0.3564,pmol/L,41.84
12058,31,2014,34.0,,25.8,11.8,3.0,1.7,diminished_reserve,donor,,,1.0,0.0,0,1,0.2601,ng/mL,0.7
109545,5,2023,41.0,46.0,25.4,7.5,5.0,2.7,unexplained,partner,77.6,45.0,0.0,0.0,1,0,0.0823,ng/mL,1.95
70187,61,2023,45.0,51.0,32.3,20.3,0.0,2.1,diminished_reserve,partner,,,1.0,0.0,0,0,0.0095,ng/mL,0.13
33318,9,2017,38.0,46.0,,7.3,8.0,3.6,male_factor,partner,21.9,31.0,1.0,0.0,0,0,0.2086,ng/mL,2.89
14023,45,2014,36.0,32.0,26.6,5.6,7.0,4.1,unexplained,partner,,,1.0,0.0,0,0,0.3172,ng/mL,
4545,13,2015,38.0,39.0,27.6,8.8,7.0,2.8,male_factor,partner,9.3,18.0,0.0,0.0,0,0,0.1754,ng/mL,0.9
58068,23,2017,28.0,34.0,25.4,4.9,6.0,2.6,male_factor,partner,14.0,26.0,1.0,0.0,0,0,0.2767,pmol/L,10.07
84330,16,2013,39.0,,26.7,5.8,7.0,4.0,combined,donor,,,1.0,0.0,0,0,0.1771,ng/mL,
114493,49,2013,33.0,39.0,27.7,,7.0,4.4,MALE_FACTOR,partner,9.9,4.0,1.0,0.0,0,1,0.2692,ng/mL,2.15
28331,49,2020,30.0,29.0,,7.8,22.0,1.6,ovulatory_pcos,partner,41.7,54.0,1.0,0.0,0,1,0.4952,ng/mL,8.59
53702,53,2019,34.0,39.0,26.8,,3.0,2.3,diminished_reserve,partner,34.5,61.0,1.0,1.0,0,0,0.2808,ng/mL,0.8
57459,53,2012,29.0,31.0,29.2,10.3,11.0,2.7,endometriosis,partner,48.8,47.0,1.0,0.0,0,0,0.3414,ng/mL,
12541,49,2015,37.0,48.0,25.8,5.8,11.0,2.9,male_factor,partner,6.1,21.0,3.0,1.0,0,0,0.2441,ng/mL,2.62
15362,29,2012,34.0,,25.3,12.4,7.0,2.3,male_factor,donor,,,0.0,0.0,0,0,0.3931,pmol/L,
28887,26,2023,41.0,43.0,27.6,9.2,6.0,5.4,ovulatory_pcos,partner,132.7,55.0,1.0,1.0,0,0,0.1591,pmol/L,13.21
29630,2,2014,31.0,34.0,25.9,5.0,12.0,3.8,unexplained,partner,48.2,39.0,0.0,0.0,0,1,0.3819,ng/mL,
42016,43,2016,31.0,36.0,26.3,,,2.2,unexplained,partner,49.8,48.0,3.0,0.0,0,1,0.4055,ng/mL,6.12
115869,39,2015,34.0,41.0,27.2,,,1.1,unexplained,partner,39.6,40.0,0.0,0.0,1,1,0.2416,ng/mL,0.95
73520,20,2023,32.0,33.0,25.3,5.2,12.0,2.4,endometriosis,partner,79.9,6.0,0.0,0.0,0,1,0.3426,ng/mL,6.26
32903,55,2019,30.0,37.0,27.4,5.0,9.0,4.8,male_factor,partner,18.4,22.0,1.0,0.0,0,0,0.3337,ng/mL,5.31
5652,50,2016,28.0,28.0,25.1,,,3.5,unexplained,partner,,,0.0,0.0,0,1,0.3338,ng/mL,2.14
102937,20,2015,31.0,,25.7,7.5,,2.2,combined,donor,,,1.0,0.0,0,0,0.26,ng/mL,1.75
11047,12,2016,35.0,34.0,24.1,6.4,,3.3,diminished_reserve,partner,18.3,56.0,0.0,0.0,1,0,0.1907,ng/mL,0.85
117453,28,2021,40.0,35.0,31.7,6.9,4.0,1.2,unexplained,partner,41.4,47.0,2.0,0.0,0,0,0.14,ng/mL,
7981,58,2018,30.0,30.0,25.5,11.3,2.0,2.5,unexplained,partner,48.8,45.0,0.0,1.0,0,0,0.3753,pmol/L,4.36
32118,61,2017,42.0,44.0,24.0,8.6,,,TUBAL,partner,49.8,43.0,1.0,0.0,0,0,0.0959,ng/mL,2.07
83070,26,2014,32.0,38.0,25.0,11.4,6.0,0.8,unexplained,partner,25.8,66.0,0.0,1.0,0,1,0.4476,pmol/L,
92593,33,2021,34.0,34.0,28.4,8.0,7.0,4.7,male_factor,partner,9.9,29.0,0.0,0.0,0,1,0.2324,ng/mL,1.01
83307,26,2012,45.0,48.0,,5.4,7.0,1.9,unexplained,partner,42.2,61.0,1.0,0.0,1,0,0.0322,pmol/L,
81004,20,2022,35.0,37.0,24.1,13.0,1.0,7.8,male_factor,partner,7.0,17.0,2.0,0.0,0,1,0.1454,ng/mL,0.93
65049,25,2014,34.0,40.0,26.6,9.7,,3.2,diminished_reserve,partner,52.8,51.0,0.0,1.0,0,0,0.2134,ng/mL,
18695,34,2020,38.0,,26.2,11.1,,1.8,tubal,donor,,,2.0,0.0,0,0,0.1783,ng/mL,0.95
96568,29,2016,37.0,42.0,24.1,13.0,,4.3,male_factor,partner,14.7,33.0,1.0,0.0,0,0,0.3604,pmol/L,59.12
113013,25,2021,31.0,28.0,,5.5,14.0,3.7,unexplained,partner,18.4,46.0,1.0,0.0,0,0,0.3851,ng/mL,6.72
111794,61,2020,35.0,48.0,26.4,9.4,10.0,3.8,male_factor,partner,3.9,29.0,1.0,0.0,0,0,0.2578,ng/mL,1.33
83283,61,2022,33.0,29.0,26.9,7.7,,2.7,diminished_reserve,partner,180.4,54.0,2.0,0.0,0,0,0.2084,ng/mL,0.59
102875,23,2021,25.0,33.0,24.9,4.9,17.0,2.5,male_factor,partner,23.4,31.0,0.0,0.0,0,1,0.5107,pmol/L,
114181,52,2015,31.0,36.0,27.1,,8.0,1.0,diminished_reserve,partner,50.5,47.0,0.0,1.0,0,1,0.3617,ng/mL,1.88
88780,63,2013,36.0,40.0,26.1,10.2,10.0,2.5,unexplained,partner,74.7,54.0,3.0,1.0,0,0,0.3004,ng/mL,
100930,31,2014,34.0,38.0,23.4,10.2,5.0,4.9,male_factor,partner,,,1.0,1.0,0,0,0.3138,ng/mL,0.74
55737,59,2014,38.0,38.0,26.6,11.3,3.0,14.1,diminished_reserve,partner,84.7,44.0,0.0,0.0,0,0,0.0656,ng/mL,0.85
3078,54,2019,27.0,28.0,25.1,,3.0,6.2,unexplained,partner,63.3,68.0,1.0,0.0,0,0,0.3264,pmol/L,22.42
21204,28,2013,33.0,33.0,26.3,8.1,,8.1,diminished_reserve,partner,55.1,57.0,0.0,0.0,0,1,0.181,ng/mL,
50423,45,2022,40.0,38.0,26.4,8.4,1.0,9.0,unexplained,partner,20.7,67.0,0.0,0.0,0,0,0.1363,ng/mL,1.3
85398,18,2022,36.0,39.0,31.8,5.8,6.0,3.6,male_factor,partner,11.3,35.0,0.0,1.0,0,0,0.3385,ng/mL,4.57
107451,63,2014,30.0,32.0,23.2,10.8,11.0,3.4,unexplained,partner,73.1,48.0,0.0,0.0,0,0,0.4744,ng/mL,3.72
10777,48,2013,33.0,34.0,30.9,4.7,,3.0,ovulatory_pcos,partner,53.6,50.0,1.0,1.0,0,1,0.421,ng/mL,17.23
24956,7,2013,32.0,28.0,22.0,8.5,4.0,2.7,endometriosis,partner,129.7,70.0,0.0,1.0,0,0,0.3162,ng/mL,1.12
88872,31,2019,34.0,39.0,30.2,6.3,11.0,1.3,combined,partner,8.5,47.0,2.0,0.0,0,0,0.2907,ng/mL,3.47
91164,54,2016,37.0,42.0,23.1,,16.0,,male_factor,partner,10.0,38.0,1.0,0.0,0,0,0.1792,pmol/L,12.21
83650,11,2023,30.0,31.0,30.9,,17.0,8.1,tubal,partner,34.6,37.0,0.0,0.0,0,0,0.4086,ng/mL,11.1
83630,50,2023,34.0,33.0,21.9,,4.0,1.8,diminished_reserve,partner,59.4,49.0,1.0,0.0,0,0,0.1963,ng/mL,0.57
42295,45,2019,41.0,,23.9,,5.0,5.3,male_factor,donor,,,0.0,1.0,0,1,0.2072,ng/mL,1.99
580,6,2021,37.0,39.0,,8.7,4.0,2.7,male_factor,partner,6.3,30.0,0.0,1.0,1,0,0.1333,ng/mL,0.82
9878,41,2021,26.0,20.0,29.5,6.8,21.0,5.9,ovulatory_pcos,partner,73.2,87.0,1.0,0.0,0,1,0.4838,ng/mL,10.99
84215,19,2013,32.0,28.0,26.9,7.0,10.0,1.9,endometriosis,partner,33.5,44.0,1.0,0.0,0,0,0.2493,ng/mL,
14304,17,2019,27.0,20.0,28.2,3.0,12.0,6.0,male_factor,partner,9.8,25.0,0.0,0.0,0,1,0.338,pmol/L,24.92
37331,20,2016,34.0,36.0,28.2,8.7,9.0,2.8,combined,partner,8.6,15.0,1.0,0.0,0,0,0.1972,ng/mL,3.04
40593,56,2015,46.0,45.0,29.1,7.2,2.0,7.6,unexplained,partner,59.7,51.0,1.0,0.0,0,0,0.0099,ng/mL,0.84
13870,18,2017,33.0,,26.3,4.5,,7.8,tubal,donor,,,2.0,0.0,0,1,0.3319,ng/mL,4.31
76887,45,2021,31.0,31.0,27.0,5.8,9.0,,combined,partner,2.5,9.0,0.0,0.0,0,0,0.3235,ng/mL,3.07
110961,62,2021,34.0,40.0,26.5,,,5.9,tubal,partner,72.7,36.0,1.0,0.0,0,1,0.2832,ng/mL,2.47
27985,18,2022,40.0,44.0,22.2,11.6,4.0,6.3,TUBAL,partner,74.4,50.0,3.0,0.0,0,1,0.0715,ng/mL,0.62
34955,63,2021,36.0,33.0,27.1,7.4,,8.5,tubal,partner,247.9,53.0,1.0,0.0,0,0,0.2231,ng/mL,1.19
34441,4,2013,33.0,46.0,26.9,,6.0,1.6,tubal,partner,40.0,36.0,0.0,0.0,0,0,0.3368,ng/mL,2.91
13405,13,2012,34.0,41.0,24.7,5.6,,8.6,ovulatory_pcos,partner,34.9,80.0,0.0,0.0,0,0,0.4216,ng/mL,5.65
33637,6,2013,34.0,36.0,27.8,6.5,,4.4,male_factor,partner,2.9,27.0,3.0,0.0,0,0,0.1809,ng/mL,
117405,34,2013,33.0,28.0,34.5,12.5,,0.9,diminished reserve,partner,35.6,49.0,0.0,0.0,1,0,0.1533,ng/mL,
33388,42,2018,46.0,54.0,26.2,8.7,4.0,2.0,endometriosis,partner,86.2,36.0,1.0,0.0,0,0,0.0118,pmol/L,6.64
50133,20,2015,37.0,45.0,24.5,6.1,5.0,5.2,unexplained,partner,74.7,48.0,0.0,0.0,0,0,0.24,ng/mL,5.19
84244,11,2014,35.0,35.0,30.4,,13.0,4.7,ovulatory_pcos,partner,30.1,55.0,0.0,0.0,0,0,0.4065,ng/mL,5.94
114295,26,2019,35.0,38.0,29.5,10.0,4.0,6.4,unexplained,partner,85.4,46.0,0.0,0.0,0,1,0.2645,pmol/L,8.43
40933,20,2014,37.0,39.0,22.7,12.6,0.0,2.7,unexplained,partner,50.2,59.0,2.0,0.0,0,0,0.1331,ng/mL,
77808,20,2014,33.0,40.0,25.4,4.4,7.0,2.1,endometriosis,partner,22.3,51.0,1.0,0.0,0,0,0.1987,ng/mL,
61505,15,2018,34.0,36.0,28.9,6.7,7.0,1.7,MALE_FACTOR,partner,3.3,13.0,2.0,0.0,0,0,0.2495,ng/mL,2.98
62202,38,2023,31.0,35.0,28.3,,5.0,1.4,unexplained,partner,54.5,48.0,0.0,0.0,0,1,0.2998,ng/mL,0.7
11140,22,2015,37.0,31.0,28.7,8.1,8.0,5.5,unexplained,partner,53.7,55.0,1.0,1.0,0,0,0.2961,pmol/L,23.49
88162,21,2016,28.0,28.0,29.0,,15.0,2.7,male_factor,partner,21.8,22.0,1.0,0.0,0,0,0.3738,ng/mL,4.59
8497,50,2012,40.0,44.0,32.8,14.4,,10.7,male_factor,partner,14.5,36.0,0.0,0.0,0,0,0.0399,ng/mL,
55448,60,2020,36.0,37.0,28.8,,7.0,3.3,diminished_reserve,partner,129.0,46.0,1.0,0.0,0,0,0.1886,pmol/L,5.07
38602,29,2015,25.0,36.0,,,14.0,,male_factor,partner,18.4,33.0,0.0,0.0,0,0,0.5512,pmol/L,45.2
36963,35,2012,26.0,29.0,24.3,5.9,9.0,3.1,endometriosis,partner,66.6,66.0,0.0,0.0,0,0,0.3639,ng/mL,
11504,6,2021,31.0,37.0,28.4,5.4,,,male_factor,partner,14.9,14.0,1.0,0.0,1,0,0.2105,ng/mL,4.5
4969,1,2013,33.0,42.0,27.0,8.6,10.0,1.2,combined,partner,17.3,24.0,2.0,0.0,0,1,0.2301,ng/mL,
72883,23,2012,32.0,42.0,22.5,7.1,22.0,7.0,endometriosis,partner,30.2,52.0,0.0,0.0,0,1,0.3399,pmol/L,34.84
109094,41,2018,38.0,,25.3,9.7,4.0,3.3,UNEXPLAINED,donor,,,2.0,1.0,0,1,0.2532,ng/mL,1.15
86491,6,2012,39.0,48.0,28.6,6.2,,1.2,ovulatory_pcos,partner,58.0,59.0,0.0,0.0,0,0,0.131,ng/mL,
76710,26,2017,39.0,46.0,23.4,9.0,2.0,2.1,unexplained,partner,21.2,55.0,1.0,1.0,1,1,0.1997,pmol/L,12.5
9474,2,2022,40.0,49.0,21.6,6.1,8.0,3.7,unexplained,partner,53.5,46.0,0.0,0.0,0,0,0.1341,ng/mL,1.18
51556,64,2015,39.0,46.0,29.6,7.4,,,unexplained,partner,46.2,60.0,0.0,0.0,0,0,0.1892,ng/mL,1.57
18032,47,2021,29.0,,22.0,8.2,2.0,2.6,unexplained,donor,,,0.0,0.0,0,1,0.4467,pmol/L,18.85
63647,36,2021,33.0,34.0,31.6,6.6,12.0,2.0,tubal,partner,164.3,51.0,1.0,0.0,0,0,0.2895,ng/mL,1.71
53971,63,2023,36.0,42.0,29.8,6.9,9.0,6.4,endometriosis,partner,24.3,71.0,1.0,1.0,0,0,0.313,ng/mL,2.66
85702,58,2017,31.0,31.0,25.1,,9.0,2.3,unexplained,partner,77.0,76.0,1.0,0.0,0,0,0.4202,pmol/L,25.2
64830,37,2018,31.0,32.0,99.0,,,3.4,male_factor,partner,5.4,33.0,0.0,0.0,0,0,0.3847,ng/mL,5.53
114112,14,2023,30.0,29.0,27.1,5.9,19.0,1.4,endometriosis,partner,131.0,41.0,1.0,0.0,0,0,0.4225,ng/mL,3.93
72210,19,2022,28.0,35.0,33.5,6.2,13.0,6.8,ovulatory_pcos,partner,162.1,73.0,1.0,1.0,0,0,0.3072,ng/mL,5.15
11981,47,2022,39.0,47.0,28.8,11.6,1.0,6.9,unexplained,partner,102.9,78.0,1.0,1.0,1,0,0.1026,pmol/L,6.57
13976,11,2015,26.0,33.0,25.9,4.5,18.0,12.1,unexplained,partner,28.5,49.0,0.0,0.0,0,0,0.3957,ng/mL,4.46
37126,45,2022,31.0,34.0,27.9,6.4,14.0,1.2,ovulatory_pcos,partner,80.6,49.0,0.0,0.0,0,0,0.5492,ng/mL,12.1
8693,24,2017,34.0,33.0,24.3,,11.0,5.9,tubal,partner,46.2,44.0,1.0,1.0,0,0,0.3555,ng/mL,6.73
21761,31,2019,34.0,35.0,29.1,,10.0,1.9,unexplained,partner,33.4,45.0,2.0,0.0,0,0,0.3877,ng/mL,3.77
111098,58,2012,36.0,34.0,27.3,7.6,1.0,,tubal,partner,64.5,33.0,1.0,0.0,0,0,0.1622,pmol/L,
35275,60,2019,41.0,48.0,29.7,,6.0,3.0,ovulatory_pcos,partner,148.3,21.0,2.0,0.0,0,0,0.1134,pmol/L,15.71
41105,21,2015,33.0,36.0,28.2,,10.0,3.8,endometriosis,partner,43.6,50.0,1.0,1.0,0,1,0.3657,ng/mL,3.73
2383,60,2020,28.0,34.0,23.1,,6.0,,male_factor,partner,20.5,16.0,1.0,1.0,0,0,0.4709,pmol/L,16.06
79362,10,2014,31.0,36.0,23.1,8.9,7.0,1.8,male_factor,partner,20.4,26.0,3.0,0.0,0,0,0.2644,ng/mL,
68327,60,2013,45.0,49.0,25.3,12.4,,2.6,diminished_reserve,partner,87.0,38.0,0.0,0.0,0,0,0.0131,pmol/L,
47930,16,2020,41.0,,23.0,10.7,4.0,1.6,male_factor,donor,,,3.0,0.0,0,0,0.0841,ng/mL,0.54
39943,15,2020,32.0,41.0,28.2,12.6,11.0,,endometriosis,partner,47.1,41.0,0.0,0.0,0,1,0.3066,ng/mL,2.22
77766,44,2013,36.0,37.0,25.5,,14.0,5.4,ovulatory_pcos,partner,67.3,73.0,1.0,0.0,1,0,0.2918,ng/mL,7.13
29754,39,2017,31.0,31.0,31.1,,6.0,6.1,male_factor,partner,14.6,19.0,0.0,0.0,1,0,0.2309,ng/mL,3.16
24026,43,2015,40.0,40.0,25.8,14.7,,7.8,male_factor,partner,17.2,20.0,0.0,0.0,0,0,0.0925,ng/mL,0.63
29833,54,2019,30.0,35.0,26.6,5.6,10.0,4.0,ovulatory_pcos,partner,210.9,46.0,0.0,1.0,0,1,0.4839,pmol/L,35.56
37807,15,2012,29.0,32.0,27.4,6.7,11.0,2.1,male_factor,partner,19.0,16.0,2.0,0.0,0,0,0.3087,ng/mL,
81458,9,2019,36.0,26.0,28.2,10.1,,1.8,endometriosis,partner,189.2,40.0,0.0,0.0,0,0,0.2037,ng/mL,0.88
62482,50,2015,29.0,45.0,25.8,7.1,8.0,4.8,unexplained,partner,65.2,55.0,2.0,0.0,0,0,0.2701,ng/mL,2.86
98074,7,2020,29.0,29.0,25.9,6.4,11.0,2.7,ovulatory_pcos,partner,280.0,71.0,0.0,1.0,1,0,0.5025,ng/mL,7.92
79543,50,2017,27.0,30.0,22.6,4.6,14.0,1.7,unexplained,partner,57.8,38.0,1.0,0.0,0,1,0.4177,ng/mL,5.11
23200,62,2014,33.0,31.0,31.9,9.0,9.0,7.5,diminished_reserve,partner,89.5,62.0,1.0,0.0,0,0,0.1572,ng/mL,
117384,49,2012,36.0,,35.6,6.0,3.0,2.3,diminished_reserve,donor,,,0.0,0.0,0,0,0.1496,ng/mL,
26327,32,2016,32.0,,24.0,6.1,19.0,1.8,male_factor,donor,,,2.0,0.0,0,1,0.4909,pmol/L,49.84
23761,9,2014,33.0,44.0,28.6,5.8,14.0,1.7,unexplained,partner,64.3,80.0,0.0,1.0,1,1,0.3674,ng/mL,
5251,23,2013,35.0,36.0,23.0,10.8,8.0,1.5,MALE_FACTOR,partner,7.1,25.0,0.0,0.0,0,1,0.2695,pmol/L,
31138,37,2018,37.0,38.0,,9.3,4.0,2.7,male_factor,partner,5.6,15.0,0.0,0.0,0,0,0.1807,ng/mL,1.19
23936,64,2022,39.0,40.0,24.8,9.6,4.0,2.6,diminished_reserve,partner,47.0,55.0,3.0,1.0,0,0,0.1473,ng/mL,0.81
740,40,2021,25.0,28.0,23.8,6.7,12.0,3.2,tubal,partner,35.7,66.0,0.0,0.0,0,0,0.3342,ng/mL,2.38
3856,33,2018,26.0,,30.2,6.1,13.0,2.3,unexplained,donor,,,0.0,1.0,0,0,0.5258,ng/mL,5.58
31756,50,2013,35.0,34.0,33.7,,6.0,7.2,unexplained,partner,22.8,82.0,2.0,0.0,0,0,0.1315,ng/mL,1.22
19117,21,2023,28.0,31.0,,,5.0,0.7,unexplained,partner,54.0,50.0,1.0,1.0,0,0,0.4271,ng/mL,1.73
113463,7,2015,34.0,40.0,24.5,,6.0,3.1,endometriosis,partner,18.3,53.0,0.0,0.0,0,1,0.2515,ng/mL,1.09
71002,22,2014,39.0,48.0,29.5,6.5,9.0,1.3,combined,partner,,,0.0,0.0,0,0,0.1226,pmol/L,
2746,47,2021,40.0,51.0,23.4,11.3,6.0,7.1,unexplained,partner,42.1,70.0,1.0,0.0,0,0,0.093,pmol/L,
31980,31,2012,46.0,52.0,23.1,15.8,3.0,4.8,diminished_reserve,partner,24.5,42.0,4.0,0.0,0,0,0.0054,ng/mL,0.34
102552,20,2017,43.0,44.0,23.2,,0.0,2.7,male_factor,partner,20.0,18.0,1.0,1.0,0,1,0.0374,ng/mL,0.66
30604,19,2012,42.0,45.0,29.5,14.3,3.0,1.4,tubal,partner,63.1,41.0,0.0,0.0,0,0,0.0327,ng/mL,0.71
26283,2,2022,35.0,35.0,27.6,11.8,5.0,4.1,tubal,partner,178.9,61.0,1.0,0.0,0,0,0.2153,ng/mL,0.79
75634,15,2012,28.0,36.0,33.5,4.2,13.0,2.3,male factor,partner,6.2,24.0,1.0,0.0,1,0,0.2198,ng/mL,
74519,40,2016,42.0,45.0,29.7,11.8,1.0,3.9,diminished_reserve,partner,49.0,68.0,1.0,0.0,0,0,0.0143,ng/mL,0.25
102320,40,2022,42.0,48.0,30.8,,12.0,1.3,unexplained,partner,89.8,46.0,2.0,0.0,0,0,0.058,ng/mL,2.98
3711,7,2016,37.0,39.0,22.9,7.0,12.0,9.4,combined,partner,17.8,10.0,2.0,0.0,0,0,0.1447,ng/mL,3.87
51688,13,2020,32.0,37.0,34.5,6.1,,3.5,ovulatory_pcos,partner,124.3,72.0,0.0,0.0,0,0,0.4675,ng/mL,22.0
41352,28,2023,35.0,44.0,29.4,7.9,5.0,2.0,male_factor,partner,,,2.0,0.0,0,1,0.2522,ng/mL,2.29
36805,56,2018,36.0,37.0,29.2,8.8,7.0,4.2,unexplained,partner,274.8,51.0,1.0,1.0,0,0,0.2266,ng/mL,0.76
11266,50,2021,39.0,41.0,,8.5,8.0,4.6,endometriosis,partner,45.2,23.0,0.0,0.0,0,0,0.1551,ng/mL,2.25
69635,38,2018,41.0,38.0,25.0,10.2,1.0,3.0,combined,partner,11.3,28.0,0.0,0.0,1,0,0.0477,ng/mL,0.7
30329,13,2014,30.0,32.0,23.1,,7.0,3.4,male_factor,partner,9.6,31.0,0.0,0.0,0,0,0.441,ng/mL,6.51
13755,55,2013,41.0,39.0,25.0,8.1,9.0,3.1,unexplained,partner,,,0.0,0.0,0,0,0.1304,ng/mL,
52494,34,2021,41.0,,30.1,9.4,6.0,2.3,ovulatory_pcos,donor,,,0.0,0.0,0,0,0.1322,ng/mL,1.64
52427,36,2023,38.0,36.0,28.4,6.9,11.0,2.0,male factor,partner,11.3,11.0,2.0,0.0,0,0,0.1805,ng/mL,2.13
58305,14,2014,46.0,48.0,26.5,9.7,2.0,2.3,male_factor,partner,6.8,32.0,1.0,0.0,0,0,0.017,ng/mL,
5006,54,2018,28.0,30.0,26.7,,13.0,11.0,male_factor,partner,4.0,33.0,0.0,0.0,0,0,0.2892,pmol/L,42.2
8382,28,2023,35.0,35.0,23.2,7.4,4.0,5.4,unexplained,partner,81.9,31.0,1.0,0.0,0,1,0.2486,ng/mL,0.98
58806,47,2018,33.0,27.0,25.1,,,2.6,unexplained,partner,52.6,35.0,3.0,0.0,0,0,0.3282,pmol/L,19.71
16367,63,2012,36.0,32.0,24.4,7.9,11.0,4.5,male_factor,partner,21.9,39.0,1.0,0.0,0,0,0.3263,ng/mL,
28332,7,2018,35.0,34.0,25.9,13.0,3.0,3.5,diminished_reserve,partner,55.3,50.0,2.0,0.0,0,0,0.1725,ng/mL,0.79
18618,33,2022,42.0,45.0,29.5,10.7,4.0,2.7,male_factor,partner,5.0,5.0,2.0,0.0,0,0,0.0345,ng/mL,0.53
5872,46,2019,46.0,52.0,25.4,7.6,7.0,5.7,combined,partner,56.1,28.0,2.0,1.0,0,0,0.0187,ng/mL,
111257,18,2013,34.0,28.0,23.6,9.3,7.0,2.6,unexplained,partner,56.9,72.0,1.0,1.0,0,1,0.3987,ng/mL,2.38
88911,27,2017,25.0,32.0,30.9,4.3,20.0,3.0,ovulatory_pcos,partner,46.6,61.0,0.0,0.0,0,0,0.4224,ng/mL,22.0
8523,39,2021,35.0,39.0,25.7,8.2,,2.0,male_factor,partner,8.5,33.0,1.0,1.0,0,0,0.2938,ng/mL,0.76
25021,38,2020,30.0,24.0,26.5,6.1,17.0,5.3,tubal,partner,58.1,41.0,1.0,0.0,0,1,0.4083,ng/mL,9.12
25687,30,2016,27.0,39.0,28.7,3.7,23.0,7.2,endometriosis,partner,76.7,30.0,1.0,0.0,0,1,0.2886,ng/mL,10.74
53061,26,2017,40.0,38.0,25.4,8.1,9.0,6.6,unexplained,partner,32.5,38.0,1.0,0.0,0,0,0.1892,pmol/L,26.28
74260,13,2016,34.0,37.0,25.9,7.7,,1.4,unexplained,partner,47.7,66.0,0.0,0.0,1,1,0.3794,ng/mL,2.71
59420,1,2017,42.0,41.0,30.8,12.7,1.0,1.7,diminished_reserve,partner,60.6,53.0,0.0,0.0,0,0,0.0271,ng/mL,0.27
89249,23,2012,33.0,34.0,22.6,9.7,3.0,3.1,tubal,partner,126.7,46.0,2.0,0.0,1,1,0.2054,pmol/L,12.14
42349,6,2019,38.0,43.0,36.1,,0.0,1.4,unexplained,partner,58.9,74.0,0.0,0.0,0,0,0.1163,ng/mL,1.18
6934,57,2012,36.0,38.0,27.6,6.4,3.0,1.3,male_factor,partner,29.0,44.0,1.0,1.0,0,0,0.3545,ng/mL,3.0
83809,47,2019,29.0,32.0,32.8,,9.0,0.6,male_factor,partner,4.9,18.0,0.0,0.0,0,0,0.3561,pmol/L,29.77
36887,17,2022,41.0,,,,0.0,2.8,diminished_reserve,donor,,,1.0,0.0,0,0,0.0406,pmol/L,3.5
39911,60,2023,37.0,36.0,32.1,7.5,13.0,5.7,ovulatory_pcos,partner,88.4,41.0,1.0,0.0,0,0,0.3141,pmol/L,56.69
50000,5,2012,41.0,47.0,32.3,8.6,5.0,2.4,tubal,partner,20.8,39.0,0.0,0.0,0,0,0.0525,ng/mL,
117576,16,2022,38.0,37.0,24.9,7.7,6.0,1.9,tubal,partner,61.2,58.0,0.0,0.0,0,0,0.2581,ng/mL,1.87
19217,2,2021,35.0,43.0,22.6,,5.0,1.1,unexplained,partner,56.4,75.0,1.0,0.0,0,0,0.3024,ng/mL,1.59
110010,9,2020,30.0,37.0,24.1,6.0,9.0,4.3,endometriosis,partner,39.5,66.0,2.0,0.0,0,0,0.3431,ng/mL,9.41
52033,7,2019,29.0,29.0,32.3,6.1,,7.2,endometriosis,partner,63.1,54.0,0.0,1.0,1,0,0.2563,ng/mL,2.67
10451,53,2019,35.0,33.0,27.3,,14.0,3.0,male_factor,partner,6.0,33.0,1.0,1.0,0,1,0.4285,ng/mL,3.85
62756,31,2018,29.0,33.0,27.5,4.0,20.0,3.4,unexplained,partner,43.6,57.0,0.0,0.0,0,1,0.5329,ng/mL,11.55
8755,51,2017,39.0,50.0,23.7,12.4,5.0,2.3,male_factor,partner,21.0,16.0,0.0,0.0,0,1,0.163,ng/mL,1.14
55714,30,2012,37.0,39.0,28.2,,7.0,7.2,ovulatory_pcos,partner,50.3,47.0,2.0,0.0,0,0,0.1576,ng/mL,3.32
68607,59,2020,39.0,39.0,27.3,5.6,11.0,3.9,male factor,partner,9.6,16.0,4.0,1.0,0,0,0.107,ng/mL,1.49
57922,56,2015,40.0,45.0,24.2,6.1,6.0,8.4,combined,partner,4.2,25.0,2.0,1.0,0,0,0.1045,ng/mL,4.55
94622,52,2019,41.0,41.0,26.2,5.8,5.0,6.4,combined,partner,18.1,25.0,1.0,0.0,0,0,0.0504,ng/mL,0.97
80502,28,2017,36.0,39.0,29.4,,13.0,3.7,ovulatory_pcos,partner,67.4,59.0,1.0,1.0,0,0,0.3861,ng/mL,7.13
5641,49,2021,33.0,,27.8,,14.0,9.5,TUBAL,donor,,,0.0,0.0,0,0,0.3268,ng/mL,1.83
47035,36,2017,43.0,49.0,26.8,7.5,7.0,5.4,MALE_FACTOR,partner,20.5,17.0,0.0,0.0,0,0,0.0358,ng/mL,0.96
67968,9,2014,36.0,33.0,26.3,5.1,,4.8,UNEXPLAINED,partner,50.2,71.0,1.0,0.0,0,1,0.2632,ng/mL,
39516,31,2019,43.0,43.0,27.9,,8.0,3.6,ovulatory_pcos,partner,140.4,71.0,3.0,1.0,0,0,0.0847,ng/mL,2.1
83509,7,2021,41.0,48.0,24.2,8.2,7.0,1.9,male_factor,partner,4.2,27.0,1.0,0.0,0,0,0.0697,ng/mL,0.88
19306,29,2012,32.0,36.0,25.4,10.7,7.0,1.3,male_factor,partner,,,0.0,0.0,0,1,0.4113,pmol/L,
48216,62,2020,37.0,43.0,24.7,10.3,8.0,3.0,male_factor,partner,2.4,20.0,0.0,0.0,1,1,0.1969,ng/mL,2.11
41897,51,2023,39.0,44.0,23.4,,8.0,15.0,male_factor,partner,9.2,32.0,1.0,0.0,0,0,0.121,ng/mL,2.16
115101,49,2013,31.0,29.0,28.4,7.4,,4.2,unexplained,partner,78.9,37.0,0.0,0.0,0,0,0.2881,ng/mL,
17181,52,2017,31.0,32.0,,3.7,18.0,2.7,unexplained,partner,,,2.0,1.0,1,0,0.4348,ng/mL,13.6
19763,53,2015,31.0,24.0,26.0,7.9,9.0,5.0,male_factor,partner,22.4,34.0,1.0,0.0,0,0,0.351,ng/mL,2.42
12547,35,2013,31.0,29.0,22.5,,7.0,1.2,ENDOMETRIOSIS,partner,31.1,48.0,0.0,1.0,0,1,0.4349,ng/mL,2.79
62049,4,2017,35.0,35.0,27.7,5.2,5.0,1.9,tubal,partner,33.0,69.0,0.0,1.0,0,0,0.4342,ng/mL,4.16
63064,38,2012,35.0,35.0,99.0,6.4,6.0,,diminished_reserve,partner,124.3,44.0,1.0,2.0,0,0,0.2537,ng/mL,0.94
49685,34,2018,29.0,35.0,24.8,6.7,12.0,4.6,male_factor,partner,7.7,21.0,0.0,1.0,0,0,0.4485,ng/mL,3.91
111357,1,2013,43.0,46.0,22.9,12.0,,2.3,UNEXPLAINED,partner,28.3,53.0,1.0,1.0,0,0,0.0557,ng/mL,0.95
83361,49,2019,38.0,,23.0,,11.0,,tubal,donor,,,3.0,1.0,0,1,0.3448,ng/mL,11.26
39505,34,2013,34.0,33.0,33.8,11.1,7.0,2.7,unexplained,partner,,,0.0,0.0,0,0,0.2872,ng/mL,
12963,8,2023,36.0,39.0,25.2,6.1,8.0,2.5,unexplained,partner,44.0,61.0,0.0,0.0,0,1,0.3937,ng/mL,3.53
111826,38,2017,36.0,31.0,24.4,,8.0,4.2,male factor,partner,16.6,24.0,0.0,0.0,0,0,0.2698,ng/mL,1.99
71195,13,2023,35.0,31.0,29.2,3.9,14.0,1.3,ovulatory_pcos,partner,92.1,58.0,0.0,0.0,0,0,0.5091,ng/mL,5.96
72471,43,2016,38.0,36.0,25.8,5.2,11.0,,unexplained,partner,50.3,45.0,3.0,0.0,0,1,0.2392,ng/mL,3.28
15616,31,2018,34.0,36.0,26.4,,,1.8,male_factor,partner,0.5,30.0,0.0,0.0,1,0,0.3382,ng/mL,2.64
76291,18,2013,34.0,42.0,25.1,9.4,,3.9,male_factor,partner,6.0,30.0,1.0,1.0,0,0,0.3585,ng/mL,3.3
52116,55,2015,33.0,33.0,,8.8,5.0,2.4,unexplained,partner,75.2,53.0,0.0,0.0,0,1,0.334,ng/mL,2.67
33894,55,2020,37.0,42.0,25.4,6.7,7.0,5.1,unexplained,partner,21.4,50.0,2.0,0.0,0,0,0.1908,ng/mL,1.76
72418,18,2016,31.0,41.0,23.4,4.6,12.0,3.6,unexplained,partner,56.5,52.0,0.0,1.0,0,1,0.5079,ng/mL,5.3
87142,30,2023,28.0,35.0,25.7,6.1,9.0,,male_factor,partner,24.2,10.0,0.0,0.0,0,0,0.3205,ng/mL,2.59
1710,17,2018,34.0,39.0,29.1,4.3,10.0,3.4,unexplained,partner,52.8,56.0,0.0,1.0,0,0,0.4278,pmol/L,25.49
9322,2,2023,26.0,25.0,25.1,7.7,,5.3,tubal,partner,94.2,70.0,3.0,0.0,0,1,0.3459,ng/mL,6.36
58052,34,2015,43.0,47.0,23.0,8.6,5.0,3.3,diminished_reserve,partner,33.9,46.0,0.0,0.0,0,0,0.0317,ng/mL,0.51
110663,22,2019,41.0,43.0,25.8,5.8,2.0,5.2,unexplained,partner,42.2,61.0,0.0,0.0,0,0,0.0815,pmol/L,4.57
18068,46,2023,39.0,48.0,23.9,9.7,6.0,9.7,unexplained,partner,,,0.0,0.0,0,0,0.1563,ng/mL,1.33
97150,44,2016,39.0,42.0,25.6,5.0,7.0,5.6,male_factor,partner,11.2,15.0,0.0,0.0,0,0,0.162,ng/mL,2.83
70289,62,2013,36.0,28.0,25.2,7.0,6.0,1.3,endometriosis,partner,70.7,34.0,0.0,0.0,0,0,0.2751,ng/mL,
48544,53,2012,32.0,,27.8,,3.0,2.0,endometriosis,donor,,,1.0,0.0,0,0,0.346,ng/mL,3.39
10114,49,2016,32.0,25.0,22.4,12.6,6.0,0.6,male_factor,partner,,,0.0,0.0,0,0,0.4146,ng/mL,2.23
109151,45,2013,46.0,49.0,22.7,,,2.0,male_factor,partner,3.8,46.0,1.0,0.0,0,0,0.0199,ng/mL,1.18
101458,20,2017,32.0,45.0,25.7,4.7,15.0,1.4,unexplained,partner,38.5,54.0,1.0,0.0,0,0,0.3811,ng/mL,8.57
24078,38,2016,41.0,41.0,25.8,11.4,1.0,4.8,endometriosis,partner,74.3,65.0,0.0,0.0,0,0,0.0439,ng/mL,0.47
43108,11,2019,25.0,27.0,25.8,6.1,10.0,4.3,combined,partner,14.3,10.0,0.0,1.0,0,0,0.4099,ng/mL,2.83
13884,59,2023,28.0,,24.5,4.4,26.0,5.7,ovulatory_pcos,donor,,,0.0,0.0,0,1,0.4991,ng/mL,22.0
117025,29,2012,34.0,29.0,25.9,5.8,4.0,7.1,endometriosis,partner,32.3,50.0,0.0,1.0,0,0,0.3306,pmol/L,
69997,53,2022,40.0,48.0,25.3,,9.0,2.7,endometriosis,partner,83.3,54.0,4.0,0.0,0,0,0.0984,ng/mL,1.2
33227,40,2014,28.0,,27.3,6.4,8.0,1.9,combined,donor,,,1.0,0.0,0,0,0.2301,ng/mL,
90036,4,2023,28.0,32.0,26.8,7.6,12.0,2.2,endometriosis,partner,51.8,69.0,1.0,0.0,0,0,0.3764,ng/mL,3.44
93130,29,2017,37.0,39.0,27.6,5.9,11.0,2.3,male_factor,partner,4.3,18.0,3.0,0.0,0,0,0.2608,pmol/L,28.06
42255,28,2018,36.0,38.0,28.9,4.5,18.0,7.4,ovulatory_pcos,partner,23.5,66.0,0.0,0.0,0,0,0.3301,ng/mL,7.53
67511,41,2012,30.0,31.0,25.4,6.6,3.0,2.8,tubal,partner,76.1,31.0,1.0,0.0,1,0,0.2798,ng/mL,1.6
90123,6,2021,27.0,35.0,28.6,,4.0,7.9,unexplained,partner,55.5,61.0,1.0,0.0,0,0,0.2164,ng/mL,1.42
93832,2,2022,38.0,,24.5,7.4,6.0,4.8,male_factor,donor,,,0.0,0.0,0,0,0.2592,ng/mL,2.56
8231,42,2023,37.0,43.0,24.1,,4.0,2.5,unexplained,partner,21.3,49.0,3.0,1.0,0,0,0.1862,pmol/L,3.57
42057,11,2018,33.0,35.0,24.4,,5.0,4.5,unexplained,partner,91.9,47.0,0.0,1.0,0,0,0.4234,ng/mL,1.59
62668,64,2012,29.0,37.0,27.4,10.1,2.0,0.7,combined,partner,18.3,30.0,1.0,0.0,1,0,0.2117,ng/mL,
74664,33,2016,40.0,42.0,23.6,6.1,6.0,4.8,diminished_reserve,partner,43.1,53.0,0.0,1.0,0,0,0.1031,ng/mL,0.62
70687,35,2023,30.0,36.0,24.3,9.7,4.0,1.9,unexplained,partner,85.6,65.0,1.0,0.0,1,1,0.3876,ng/mL,4.75
15279,60,2013,38.0,43.0,23.6,6.0,11.0,3.2,unexplained,partner,40.7,52.0,1.0,1.0,0,0,0.3181,pmol/L,
47329,46,2021,41.0,42.0,25.5,4.9,,1.2,male_factor,partner,11.4,26.0,0.0,0.0,0,0,0.1682,ng/mL,3.08
27557,52,2023,36.0,45.0,21.8,6.0,8.0,1.8,male_factor,partner,9.5,22.0,2.0,0.0,0,0,0.3131,ng/mL,6.7
37717,18,2019,32.0,39.0,30.1,,7.0,4.8,male_factor,partner,6.5,29.0,1.0,0.0,0,0,0.2443,ng/mL,2.19
90168,1,2021,31.0,42.0,29.7,10.1,6.0,0.8,unexplained,partner,107.9,63.0,0.0,0.0,0,1,0.311,ng/mL,1.14
101962,55,2013,38.0,40.0,23.3,6.1,10.0,,male_factor,partner,9.7,18.0,2.0,0.0,0,0,0.2088,ng/mL,4.75
21973,23,2023,28.0,27.0,22.9,6.0,9.0,6.5,unexplained,partner,51.5,36.0,0.0,0.0,0,1,0.4016,pmol/L,
70463,61,2013,39.0,35.0,24.7,,4.0,3.5,combined,partner,19.0,33.0,0.0,0.0,0,1,0.1723,ng/mL,2.32
74850,31,2017,35.0,40.0,24.7,5.2,10.0,1.7,male_factor,partner,2.3,31.0,1.0,0.0,0,1,0.3421,ng/mL,1.84
99799,52,2022,32.0,35.0,28.5,,10.0,,ovulatory_pcos,partner,47.0,58.0,0.0,1.0,0,1,0.5188,ng/mL,6.48
84628,45,2016,31.0,29.0,25.2,6.7,11.0,3.2,male_factor,partner,6.1,35.0,0.0,0.0,0,0,0.4298,ng/mL,4.53
57376,25,2022,36.0,42.0,28.7,9.1,12.0,3.0,ovulatory_pcos,partner,31.3,51.0,0.0,0.0,0,0,0.3075,ng/mL,3.08
33338,41,2020,34.0,30.0,25.8,6.2,7.0,4.9,unexplained,partner,23.4,54.0,0.0,0.0,0,1,0.3761,ng/mL,2.04
93467,51,2015,38.0,47.0,23.8,,,4.5,male factor,partner,10.9,42.0,0.0,0.0,0,0,0.242,ng/mL,3.24
61288,34,2012,35.0,35.0,22.3,8.9,5.0,3.0,unexplained,partner,23.8,36.0,2.0,0.0,0,1,0.2683,ng/mL,
99347,40,2022,39.0,51.0,23.0,5.8,,6.1,endometriosis,partner,55.2,48.0,2.0,0.0,1,0,0.1002,ng/mL,7.65
66460,13,2015,35.0,38.0,23.0,,11.0,4.3,male_factor,partner,31.4,29.0,1.0,0.0,0,0,0.4191,ng/mL,4.23
9103,31,2012,32.0,34.0,24.7,9.8,6.0,3.9,tubal,partner,30.2,52.0,0.0,0.0,0,0,0.3711,ng/mL,
41872,22,2014,23.0,20.0,33.1,3.2,20.0,,ovulatory_pcos,partner,65.0,56.0,0.0,0.0,0,0,0.4754,pmol/L,89.89
103301,8,2020,33.0,34.0,24.1,8.2,14.0,3.6,male_factor,partner,,,2.0,1.0,0,0,0.415,ng/mL,4.09
23496,4,2013,43.0,43.0,,6.9,7.0,4.4,tubal,partner,34.6,54.0,1.0,1.0,0,0,0.0864,ng/mL,3.71
95373,44,2019,37.0,36.0,26.0,6.5,9.0,2.7,male_factor,partner,7.5,39.0,2.0,1.0,0,1,0.2634,ng/mL,2.56
29297,9,2020,34.0,41.0,25.3,7.6,,9.8,unexplained,partner,,,1.0,0.0,0,0,0.2071,ng/mL,1.19
104484,63,2022,40.0,47.0,24.2,12.7,2.0,6.6,diminished_reserve,partner,72.4,37.0,1.0,0.0,0,0,0.0556,ng/mL,0.24
80251,55,2013,39.0,36.0,25.2,6.1,3.0,2.4,endometriosis,partner,38.7,61.0,0.0,0.0,0,0,0.1929,ng/mL,
71245,12,2020,33.0,39.0,25.3,5.2,,3.6,endometriosis,partner,30.9,55.0,0.0,0.0,0,1,0.3374,ng/mL,2.37
48697,60,2017,32.0,30.0,33.2,,,5.5,ovulatory_pcos,partner,137.9,42.0,1.0,0.0,0,0,0.3846,pmol/L,77.4
71134,2,2018,40.0,50.0,25.3,7.9,10.0,3.6,endometriosis,partner,30.9,49.0,1.0,1.0,1,0,0.0835,ng/mL,0.84
91763,40,2014,36.0,38.0,25.5,8.5,4.0,2.1,tubal,partner,47.3,63.0,2.0,0.0,0,0,0.168,ng/mL,
100308,27,2014,39.0,,23.9,9.2,5.0,14.0,male_factor,donor,,,1.0,0.0,0,0,0.0836,ng/mL,
115443,30,2015,35.0,36.0,24.7,9.4,,3.0,tubal,partner,,,0.0,0.0,0,1,0.2653,ng/mL,1.83
73990,57,2019,25.0,,26.0,6.3,14.0,1.7,male_factor,donor,,,1.0,0.0,0,0,0.4974,ng/mL,4.21
100476,18,2012,45.0,49.0,23.9,6.3,1.0,,unexplained,partner,22.5,44.0,4.0,0.0,0,0,0.0129,ng/mL,0.62
44774,53,2018,41.0,50.0,22.9,14.3,2.0,2.2,male_factor,partner,14.7,30.0,1.0,0.0,0,0,0.0785,ng/mL,0.93
81919,15,2018,34.0,46.0,36.4,,16.0,1.6,ovulatory_pcos,partner,123.7,44.0,1.0,0.0,0,1,0.3041,ng/mL,5.51
61021,19,2019,39.0,44.0,27.6,,3.0,4.3,unexplained,partner,50.6,51.0,1.0,1.0,0,0,0.0939,ng/mL,0.86
4415,27,2012,34.0,39.0,24.0,9.6,6.0,1.9,diminished_reserve,partner,53.3,59.0,2.0,0.0,0,0,0.1068,ng/mL,
77267,51,2019,39.0,51.0,25.6,7.3,13.0,1.6,male_factor,partner,7.2,28.0,1.0,0.0,0,0,0.2275,ng/mL,
111468,32,2020,39.0,,27.1,,5.0,3.2,male_factor,donor,,,2.0,0.0,0,0,0.1836,pmol/L,11.5
27604,30,2016,33.0,,33.1,6.7,1.0,3.9,male_factor,donor,,,4.0,0.0,0,1,0.1268,ng/mL,0.91
18567,10,2019,38.0,33.0,28.3,,5.0,4.8,unexplained,partner,71.0,47.0,0.0,0.0,0,0,0.1961,ng/mL,1.43
102518,41,2012,46.0,52.0,25.7,,4.0,6.1,unexplained,partner,66.7,59.0,2.0,0.0,0,0,0.0082,ng/mL,0.38
89451,2,2020,37.0,40.0,35.3,,10.0,1.4,combined,partner,18.2,23.0,1.0,1.0,0,0,0.1896,ng/mL,3.29
104345,57,2014,37.0,39.0,25.1,7.0,9.0,7.3,diminished_reserve,partner,24.9,72.0,0.0,0.0,0,0,0.151,ng/mL,1.07
68145,22,2014,40.0,,23.1,8.1,8.0,3.6,male_factor,donor,,,2.0,0.0,0,0,0.152,pmol/L,9.85
66988,56,2013,33.0,36.0,26.5,5.4,14.0,2.5,tubal,partner,24.1,33.0,1.0,1.0,0,0,0.424,ng/mL,
78054,46,2016,28.0,31.0,28.2,5.0,11.0,4.2,endometriosis,partner,56.6,44.0,0.0,0.0,0,0,0.3649,ng/mL,
17977,52,2013,29.0,37.0,31.0,3.0,,4.6,ovulatory_pcos,partner,93.8,45.0,1.0,0.0,0,0,0.4014,ng/mL,
83265,12,2023,26.0,36.0,28.8,4.4,15.0,3.0,unexplained,partner,23.4,47.0,1.0,0.0,0,1,0.4293,ng/mL,4.49
68880,50,2019,42.0,49.0,27.8,,11.0,,ovulatory_pcos,partner,21.9,42.0,3.0,2.0,0,0,0.1084,ng/mL,7.68
73948,47,2012,32.0,31.0,32.2,6.9,18.0,7.3,ovulatory_pcos,partner,37.2,35.0,1.0,1.0,0,0,0.4035,pmol/L,
85157,13,2018,37.0,37.0,24.3,4.8,8.0,4.1,male_factor,partner,4.5,1.0,0.0,1.0,0,0,0.3709,ng/mL,3.92
88051,13,2014,37.0,44.0,21.9,13.1,4.0,1.5,male_factor,partner,12.9,24.0,0.0,0.0,0,0,0.1539,ng/mL,
12085,44,2019,33.0,33.0,32.5,6.2,,2.2,ovulatory_pcos,partner,47.1,64.0,0.0,0.0,0,0,0.4387,ng/mL,
47036,59,2019,39.0,40.0,25.2,,1.0,2.8,tubal,partner,42.3,69.0,2.0,1.0,0,0,0.1121,ng/mL,0.54
65616,16,2012,43.0,42.0,24.8,7.3,4.0,2.4,male_factor,partner,4.4,9.0,0.0,0.0,0,0,0.0512,ng/mL,
68409,58,2018,35.0,38.0,26.6,5.6,14.0,4.5,unexplained,partner,59.1,49.0,0.0,0.0,0,1,0.4308,pmol/L,42.05
6540,6,2014,34.0,38.0,25.4,6.8,8.0,,MALE_FACTOR,partner,10.5,9.0,1.0,0.0,0,0,0.2584,ng/mL,
105340,45,2018,35.0,40.0,23.8,,4.0,4.2,unexplained,partner,28.9,45.0,1.0,0.0,0,0,0.2962,ng/mL,1.04
109318,14,2013,32.0,38.0,31.1,5.7,15.0,0.5,male_factor,partner,10.2,13.0,0.0,0.0,1,1,0.2987,ng/mL,
84761,59,2019,29.0,,24.2,3.6,17.0,2.9,unexplained,donor,,,1.0,0.0,0,0,0.4364,ng/mL,6.93
28669,28,2013,39.0,42.0,25.4,11.9,4.0,2.8,male_factor,partner,23.6,27.0,2.0,1.0,1,1,0.0984,ng/mL,
86135,42,2013,37.0,42.0,21.8,10.9,,3.2,unexplained,partner,54.0,38.0,0.0,1.0,0,1,0.3243,pmol/L,
119458,38,2022,38.0,42.0,32.4,7.3,5.0,5.6,diminished_reserve,partner,58.3,40.0,0.0,0.0,0,0,0.1044,ng/mL,
103419,10,2020,27.0,36.0,27.9,2.8,17.0,2.7,endometriosis,partner,38.8,43.0,0.0,0.0,0,0,0.4689,ng/mL,12.92
3526,31,2021,42.0,46.0,28.4,13.0,3.0,3.4,unexplained,partner,42.4,47.0,1.0,0.0,0,0,0.0811,ng/mL,1.32
98373,32,2020,35.0,35.0,26.4,6.9,,1.4,male_factor,partner,20.9,30.0,1.0,0.0,0,0,0.3498,pmol/L,12.5
29708,6,2012,39.0,35.0,31.0,11.5,,,unexplained,partner,64.1,72.0,1.0,0.0,0,0,0.0741,ng/mL,
14237,34,2013,31.0,37.0,23.5,6.9,8.0,5.3,male_factor,partner,5.0,28.0,0.0,0.0,0,1,0.3053,ng/mL,2.54
7014,16,2020,33.0,39.0,27.0,,9.0,2.3,male_factor,partner,8.1,26.0,1.0,0.0,0,0,0.3424,ng/mL,3.18
67104,49,2018,36.0,33.0,28.8,8.5,,2.8,ovulatory_pcos,partner,146.0,60.0,0.0,0.0,0,0,0.4205,ng/mL,9.76
84079,62,2023,29.0,30.0,29.2,3.7,21.0,1.4,unexplained,partner,39.0,38.0,1.0,0.0,0,0,0.458,ng/mL,7.55
86375,42,2019,39.0,35.0,27.2,6.7,2.0,4.4,tubal,partner,19.4,60.0,1.0,0.0,0,1,0.1152,pmol/L,7.5
55860,44,2013,38.0,40.0,32.7,8.1,12.0,2.7,unexplained,partner,,,0.0,0.0,0,0,0.2228,ng/mL,
83187,2,2020,32.0,37.0,25.6,,4.0,1.3,unexplained,partner,42.3,52.0,0.0,0.0,0,0,0.3055,ng/mL,1.02
116238,20,2023,37.0,42.0,23.4,10.5,4.0,3.5,male_factor,partner,8.8,18.0,1.0,0.0,0,0,0.1665,ng/mL,
30086,59,2021,44.0,46.0,25.0,10.3,2.0,13.8,unexplained,partner,114.3,54.0,2.0,0.0,0,0,0.019,ng/mL,1.62
50421,21,2012,30.0,31.0,22.8,999.0,21.0,3.5,unexplained,partner,97.9,43.0,0.0,0.0,0,0,0.4832,ng/mL,
46092,12,2013,37.0,39.0,23.2,6.4,7.0,3.9,unexplained,partner,66.2,43.0,0.0,1.0,0,0,0.3709,ng/mL,
86693,21,2019,32.0,,27.0,7.0,,2.2,male_factor,donor,,,2.0,0.0,0,1,0.3935,ng/mL,3.54
51178,24,2013,37.0,40.0,26.5,9.1,6.0,2.5,tubal,partner,36.5,52.0,1.0,1.0,0,0,0.1817,ng/mL,1.14
64624,29,2017,36.0,43.0,26.4,7.1,9.0,5.2,endometriosis,partner,105.3,39.0,1.0,0.0,0,1,0.2874,pmol/L,16.35
65632,51,2016,38.0,50.0,26.9,7.6,6.0,1.7,endometriosis,partner,36.0,42.0,0.0,0.0,0,0,0.1597,ng/mL,0.61
12443,10,2016,43.0,50.0,23.2,9.3,2.0,5.0,DIMINISHED_RESERVE,partner,37.1,64.0,1.0,1.0,0,1,0.0246,ng/mL,
91259,23,2012,28.0,28.0,24.8,5.3,13.0,4.1,unexplained,partner,38.8,38.0,1.0,0.0,0,0,0.4036,pmol/L,
39894,5,2018,35.0,37.0,28.0,8.6,3.0,1.6,endometriosis,partner,33.8,57.0,0.0,1.0,0,0,0.2244,ng/mL,0.74
117058,6,2016,36.0,39.0,24.4,,7.0,5.2,tubal,partner,52.3,25.0,0.0,0.0,1,0,0.1841,ng/mL,1.57
16944,32,2016,41.0,39.0,28.3,6.5,4.0,5.0,male_factor,partner,10.8,28.0,0.0,1.0,0,0,0.1233,pmol/L,12.99
5292,3,2013,31.0,32.0,26.4,3.4,13.0,3.9,combined,partner,3.4,28.0,1.0,0.0,0,0,0.2754,pmol/L,37.41
2964,5,2012,32.0,32.0,26.0,4.8,,3.8,unexplained,partner,95.6,48.0,4.0,0.0,1,0,0.1386,ng/mL,
96229,55,2017,33.0,38.0,27.7,6.8,14.0,0.9,ovulatory_pcos,partner,65.4,47.0,0.0,0.0,1,0,0.387,ng/mL,4.41
21732,36,2018,41.0,48.0,27.2,,13.0,4.3,tubal,partner,57.2,60.0,3.0,0.0,0,0,0.1139,ng/mL,7.76
67391,31,2020,28.0,25.0,22.6,10.3,3.0,2.5,tubal,partner,69.2,51.0,1.0,0.0,0,0,0.3292,ng/mL,0.59
44237,62,2022,39.0,47.0,24.0,,11.0,1.4,unexplained,partner,42.1,33.0,2.0,1.0,0,0,0.2582,ng/mL,3.08
26987,48,2021,38.0,36.0,25.9,8.6,5.0,3.3,male_factor,partner,29.1,35.0,1.0,0.0,0,0,0.187,ng/mL,2.02
87925,52,2022,46.0,41.0,30.9,7.4,7.0,4.3,ovulatory_pcos,partner,102.8,46.0,0.0,0.0,0,0,0.0253,ng/mL,1.74
84084,33,2013,32.0,36.0,23.5,,10.0,3.7,male_factor,partner,27.1,26.0,0.0,0.0,0,1,0.4035,ng/mL,5.02
117357,18,2018,39.0,33.0,26.4,9.4,3.0,7.1,diminished_reserve,partner,26.0,27.0,2.0,1.0,0,0,0.0805,ng/mL,0.65
30419,63,2017,32.0,32.0,23.9,6.3,8.0,4.5,combined,partner,16.7,20.0,0.0,0.0,0,0,0.3554,ng/mL,4.06
46069,21,2018,30.0,34.0,30.8,,19.0,,ovulatory_pcos,partner,68.8,48.0,1.0,0.0,0,0,0.426,ng/mL,10.18
28046,18,2018,25.0,26.0,24.7,4.4,11.0,4.7,tubal,partner,30.1,55.0,0.0,0.0,0,0,0.4479,ng/mL,5.15
62151,46,2016,34.0,33.0,30.5,6.3,7.0,3.4,ovulatory_pcos,partner,26.5,69.0,1.0,0.0,0,0,0.352,ng/mL,3.12
57272,35,2019,33.0,32.0,28.1,8.8,6.0,3.9,unexplained,partner,68.5,62.0,0.0,0.0,0,0,0.2962,ng/mL,1.33
61449,37,2021,31.0,40.0,,5.8,9.0,2.9,male_factor,partner,5.8,25.0,2.0,0.0,0,0,0.3025,ng/mL,4.47
11725,7,2012,35.0,,24.3,6.0,7.0,5.5,unexplained,donor,,,0.0,1.0,0,1,0.4553,ng/mL,
11128,11,2017,34.0,36.0,27.1,,,1.9,endometriosis,partner,45.0,36.0,0.0,0.0,0,0,0.3661,ng/mL,2.7
28419,26,2020,34.0,31.0,26.3,,9.0,1.7,unexplained,partner,16.0,55.0,1.0,0.0,0,0,0.4523,pmol/L,55.55
115424,46,2016,37.0,41.0,26.6,,0.0,3.5,diminished_reserve,partner,35.5,53.0,0.0,0.0,0,0,0.118,ng/mL,0.4
76994,61,2020,36.0,,27.6,9.1,,3.7,male_factor,donor,,,2.0,1.0,0,1,0.3177,ng/mL,1.28
87668,23,2017,29.0,32.0,23.7,,13.0,2.5,endometriosis,partner,38.5,56.0,0.0,0.0,0,0,0.4053,pmol/L,35.41
107997,23,2016,30.0,21.0,30.1,,7.0,2.7,male_factor,partner,50.6,13.0,0.0,0.0,1,1,0.2803,pmol/L,21.28
29264,10,2020,41.0,45.0,24.7,,5.0,2.7,combined,partner,8.1,12.0,0.0,0.0,0,0,0.1161,ng/mL,3.78
9230,5,2020,33.0,35.0,26.8,5.2,,7.9,ovulatory_pcos,partner,18.2,64.0,0.0,1.0,0,1,0.4223,ng/mL,13.4
41227,46,2023,33.0,37.0,24.8,4.9,13.0,4.3,unexplained,partner,35.7,62.0,1.0,0.0,0,1,0.4479,ng/mL,4.21
45012,56,2016,38.0,39.0,25.8,,13.0,2.8,male_factor,partner,26.7,29.0,2.0,0.0,0,0,0.2223,ng/mL,3.55
91532,16,2018,30.0,37.0,26.9,,23.0,0.5,ovulatory_pcos,partner,44.1,65.0,0.0,0.0,1,0,0.5025,ng/mL,22.0
116152,44,2016,37.0,45.0,27.3,,5.0,4.2,combined,partner,7.8,17.0,1.0,0.0,0,0,0.1271,ng/mL,1.74
49550,3,2018,35.0,47.0,23.4,6.7,5.0,,MALE_FACTOR,partner,11.0,1.0,1.0,1.0,0,0,0.2748,pmol/L,8.92
1111,41,2023,42.0,47.0,,14.8,1.0,2.7,diminished_reserve,partner,37.8,54.0,1.0,0.0,0,0,0.0347,ng/mL,0.38
109311,33,2014,39.0,39.0,23.7,7.0,4.0,1.9,diminished_reserve,partner,94.1,47.0,0.0,0.0,0,0,0.1312,ng/mL,
94646,33,2021,35.0,45.0,,7.3,12.0,,male_factor,partner,6.1,9.0,3.0,0.0,0,0,0.2244,ng/mL,1.85
42592,15,2012,43.0,51.0,30.0,10.1,3.0,,male_factor,partner,6.9,25.0,1.0,0.0,1,0,0.018,ng/mL,
63332,27,2013,31.0,34.0,28.4,6.6,,3.4,ovulatory_pcos,partner,44.2,52.0,1.0,0.0,0,1,0.3752,ng/mL,
35472,9,2019,40.0,,23.7,7.4,2.0,1.6,tubal,donor,,,1.0,0.0,1,1,0.0921,ng/mL,0.65
35742,5,2023,36.0,43.0,26.1,,,7.4,tubal,partner,188.6,44.0,1.0,0.0,0,0,0.1694,ng/mL,1.71
6682,54,2023,28.0,32.0,25.8,5.5,6.0,0.6,unexplained,partner,35.5,50.0,4.0,0.0,0,0,0.3198,pmol/L,22.85
1390,64,2013,31.0,33.0,23.6,4.5,9.0,2.4,unexplained,partner,33.7,64.0,1.0,0.0,0,0,0.4284,ng/mL,
86946,31,2019,36.0,44.0,29.2,,7.0,1.6,male_factor,partner,6.9,35.0,1.0,1.0,0,1,0.3473,ng/mL,2.59
78122,9,2023,28.0,29.0,24.6,5.6,13.0,3.1,unexplained,partner,89.6,44.0,0.0,0.0,0,1,0.469,ng/mL,4.6
98015,46,2017,42.0,,25.9,9.0,4.0,6.5,diminished_reserve,donor,,,4.0,0.0,1,1,0.0401,ng/mL,1.91
90636,54,2022,30.0,26.0,23.5,4.5,,3.2,male_factor,partner,11.3,14.0,0.0,0.0,1,0,0.2584,pmol/L,11.64
51969,7,2020,39.0,44.0,25.7,8.6,4.0,1.1,male_factor,partner,5.5,19.0,2.0,1.0,0,0,0.1535,ng/mL,1.17
23133,52,2022,24.0,20.0,26.8,5.0,34.0,2.3,ovulatory_pcos,partner,57.0,70.0,0.0,0.0,0,1,0.5721,ng/mL,22.0
63395,14,2012,39.0,44.0,23.4,10.1,8.0,3.0,diminished_reserve,partner,94.9,31.0,2.0,1.0,0,0,0.1476,ng/mL,
54431,29,2021,30.0,31.0,26.1,5.6,13.0,2.3,ovulatory_pcos,partner,123.6,52.0,0.0,0.0,0,1,0.5674,pmol/L,34.27
29694,30,2012,35.0,38.0,24.1,,8.0,1.8,unexplained,partner,,,1.0,0.0,0,0,0.2315,ng/mL,1.23
85268,11,2019,30.0,31.0,28.8,4.2,8.0,1.4,ovulatory_pcos,partner,57.1,52.0,0.0,0.0,0,1,0.451,ng/mL,
104062,29,2022,35.0,34.0,25.4,7.8,,3.1,unexplained,partner,49.3,56.0,1.0,0.0,0,0,0.4205,pmol/L,
60776,22,2021,35.0,41.0,24.9,7.5,15.0,3.8,MALE_FACTOR,partner,0.9,38.0,0.0,0.0,0,0,0.3754,pmol/L,21.13
117785,36,2012,37.0,29.0,32.8,3.6,12.0,1.6,ovulatory_pcos,partner,61.8,43.0,0.0,0.0,1,0,0.2636,ng/mL,
75683,36,2018,42.0,40.0,24.7,14.1,,6.4,endometriosis,partner,28.3,45.0,0.0,0.0,0,0,0.051,ng/mL,0.75
30711,57,2020,23.0,25.0,31.3,5.2,,3.0,male_factor,partner,14.3,27.0,2.0,0.0,0,0,0.3498,ng/mL,7.3
19619,20,2015,26.0,20.0,25.5,3.4,31.0,1.9,unexplained,partner,113.3,42.0,0.0,0.0,0,1,0.4716,ng/mL,22.0
86005,45,2014,40.0,44.0,24.1,10.3,5.0,5.7,endometriosis,partner,32.0,48.0,2.0,0.0,0,0,0.1406,ng/mL,3.64
55976,9,2016,30.0,26.0,24.3,6.6,13.0,3.6,unexplained,partner,52.5,76.0,1.0,0.0,0,0,0.3942,ng/mL,4.28
40132,28,2021,41.0,42.0,27.6,9.0,8.0,2.3,male_factor,partner,13.6,17.0,5.0,0.0,0,0,0.0566,ng/mL,1.6
4748,14,2016,29.0,29.0,24.8,9.1,10.0,,male_factor,partner,3.3,24.0,3.0,0.0,0,0,0.283,ng/mL,2.3
61094,28,2014,23.0,26.0,28.9,4.3,,0.6,ovulatory_pcos,partner,,,2.0,1.0,0,1,0.5263,ng/mL,
9529,60,2014,36.0,35.0,24.7,11.0,10.0,0.9,unexplained,partner,11.6,51.0,0.0,1.0,0,1,0.3932,pmol/L,
4273,14,2019,37.0,41.0,,,5.0,5.4,unexplained,partner,128.1,38.0,1.0,0.0,0,1,0.1775,ng/mL,0.75
19390,14,2014,46.0,,24.0,9.2,5.0,11.3,unexplained,donor,,,1.0,1.0,0,0,0.0272,ng/mL,2.13
86669,37,2013,38.0,36.0,,6.2,,3.9,unexplained,partner,81.1,42.0,1.0,0.0,0,0,0.1174,ng/mL,
62060,2,2023,28.0,29.0,29.7,6.6,12.0,6.8,ovulatory_pcos,partner,,,1.0,0.0,1,0,0.2929,ng/mL,3.8
102839,43,2012,42.0,45.0,26.0,6.7,,4.5,male_factor,partner,10.3,4.0,3.0,0.0,0,0,0.046,ng/mL,1.23
117960,62,2017,34.0,,27.5,6.9,6.0,3.8,unexplained,donor,,,1.0,0.0,0,1,0.2937,ng/mL,1.67
45712,2,2022,38.0,43.0,25.0,11.5,6.0,2.4,TUBAL,partner,48.3,72.0,1.0,0.0,0,0,0.178,ng/mL,
102272,34,2013,34.0,25.0,26.6,999.0,14.0,6.9,male_factor,partner,12.0,23.0,2.0,0.0,1,0,0.2346,ng/mL,5.73
11668,49,2023,34.0,48.0,24.6,7.8,,4.1,male_factor,partner,,,0.0,0.0,0,0,0.3058,ng/mL,1.75
27705,20,2015,36.0,42.0,,11.6,3.0,3.3,unexplained,partner,78.2,72.0,0.0,0.0,0,1,0.2216,ng/mL,1.77
18137,49,2012,31.0,38.0,32.1,4.5,7.0,7.2,male_factor,partner,7.0,46.0,1.0,0.0,0,0,0.2742,ng/mL,
23737,17,2019,37.0,42.0,24.9,5.2,6.0,1.4,male_factor,partner,8.1,15.0,1.0,0.0,0,0,0.2471,pmol/L,20.92
43465,58,2014,39.0,38.0,28.3,6.9,14.0,5.1,ovulatory_pcos,partner,144.1,49.0,3.0,0.0,1,0,0.1543,pmol/L,33.77
52413,7,2021,39.0,41.0,25.0,9.7,8.0,1.3,tubal,partner,42.8,52.0,0.0,0.0,0,0,0.1539,ng/mL,0.79
82254,58,2015,44.0,38.0,26.8,,3.0,5.2,diminished_reserve,partner,54.0,57.0,0.0,0.0,0,0,0.0159,pmol/L,3.07
82512,26,2022,27.0,34.0,23.4,8.0,3.0,3.4,combined,partner,18.3,35.0,1.0,0.0,0,1,0.2557,pmol/L,3.57
52585,34,2015,34.0,40.0,23.5,5.4,20.0,3.6,male_factor,partner,15.2,16.0,0.0,0.0,0,0,0.4154,ng/mL,9.58
5873,63,2019,36.0,39.0,23.5,5.9,3.0,2.9,unexplained,partner,50.8,63.0,2.0,1.0,0,0,0.4022,ng/mL,3.05
57907,29,2023,31.0,32.0,26.1,,13.0,5.8,endometriosis,partner,47.2,40.0,1.0,0.0,0,0,0.3945,pmol/L,19.42
17906,51,2019,37.0,38.0,23.9,6.7,8.0,3.3,unexplained,partner,101.5,63.0,2.0,0.0,0,0,0.2715,ng/mL,2.23
106586,41,2019,33.0,37.0,23.5,14.3,3.0,2.5,unexplained,partner,116.8,58.0,0.0,0.0,1,0,0.2936,ng/mL,0.85
78436,19,2012,36.0,42.0,24.7,6.7,5.0,,male_factor,partner,21.0,38.0,0.0,1.0,0,1,0.2782,ng/mL,2.18
115831,57,2016,36.0,38.0,26.2,,9.0,4.2,male_factor,partner,3.3,46.0,1.0,1.0,0,0,0.2855,ng/mL,2.15
20531,37,2022,36.0,38.0,28.5,6.7,7.0,1.3,male_factor,partner,11.1,51.0,1.0,0.0,0,1,0.2659,ng/mL,2.21
5368,46,2021,43.0,40.0,,,2.0,3.0,unexplained,partner,77.8,40.0,1.0,0.0,0,0,0.0617,ng/mL,1.08
66352,63,2018,34.0,33.0,25.2,6.1,,2.2,UNEXPLAINED,partner,43.8,34.0,1.0,0.0,0,1,0.4607,ng/mL,4.56
104228,18,2020,35.0,,25.1,,12.0,1.2,unexplained,donor,,,5.0,0.0,0,0,0.331,ng/mL,3.91
7900,61,2019,44.0,48.0,23.7,9.2,4.0,5.7,unexplained,partner,34.0,42.0,1.0,0.0,0,0,0.044,ng/mL,1.62
109065,30,2018,28.0,28.0,23.5,3.8,15.0,1.0,male_factor,partner,1.1,26.0,1.0,1.0,0,1,0.4257,ng/mL,6.74
46088,61,2019,33.0,41.0,23.7,7.3,9.0,3.8,MALE_FACTOR,partner,13.4,4.0,0.0,0.0,0,1,0.3645,ng/mL,2.5
64971,3,2012,24.0,31.0,23.7,4.7,11.0,2.7,unexplained,partner,125.7,55.0,1.0,0.0,0,1,0.4369,pmol/L,
28648,22,2013,42.0,38.0,34.2,9.2,5.0,2.9,unexplained,partner,57.5,48.0,0.0,0.0,0,0,0.0774,pmol/L,
89697,7,2013,32.0,39.0,25.6,4.8,21.0,3.9,ovulatory_pcos,partner,123.5,51.0,3.0,0.0,0,0,0.3816,ng/mL,
37904,50,2017,33.0,31.0,32.5,8.9,7.0,6.0,male_factor,partner,17.7,27.0,2.0,0.0,0,0,0.1661,ng/mL,
52586,59,2015,30.0,33.0,22.5,5.4,16.0,2.3,male_factor,partner,12.8,18.0,1.0,0.0,1,0,0.3022,ng/mL,6.31
27866,48,2016,36.0,36.0,24.2,8.7,15.0,4.2,unexplained,partner,22.4,43.0,0.0,0.0,1,0,0.2828,ng/mL,5.76
98422,39,2012,30.0,38.0,22.7,,7.0,,unexplained,partner,33.0,59.0,2.0,2.0,0,0,0.4364,ng/mL,4.0
108344,39,2016,29.0,33.0,24.8,7.6,5.0,5.3,unexplained,partner,100.1,58.0,0.0,0.0,0,1,0.3614,ng/mL,2.43
102277,50,2013,35.0,,25.4,3.3,18.0,0.6,ovulatory_pcos,donor,,,1.0,0.0,0,0,0.4487,ng/mL,
42208,59,2015,35.0,35.0,23.5,7.2,,2.9,male_factor,partner,2.4,6.0,1.0,0.0,0,0,0.2175,ng/mL,1.68
117044,55,2016,37.0,40.0,24.1,,10.0,2.9,male_factor,partner,2.2,27.0,0.0,0.0,0,0,0.2394,ng/mL,2.45
22489,25,2014,36.0,42.0,27.3,13.5,5.0,2.3,unexplained,partner,174.4,45.0,0.0,1.0,1,0,0.2097,ng/mL,
24247,53,2016,37.0,41.0,28.2,5.5,12.0,8.9,male_factor,partner,11.5,24.0,2.0,0.0,0,0,0.1955,ng/mL,4.38
69212,11,2013,39.0,,24.0,,1.0,,diminished_reserve,donor,,,0.0,0.0,0,0,0.1259,ng/mL,0.74
16079,55,2016,29.0,33.0,28.0,4.1,,4.1,tubal,partner,34.6,41.0,0.0,0.0,0,0,0.3568,ng/mL,3.98
78618,55,2017,24.0,28.0,32.2,4.9,21.0,1.7,ovulatory_pcos,partner,,,2.0,0.0,0,1,0.415,ng/mL,14.37
99290,42,2012,36.0,44.0,26.1,6.9,6.0,1.6,male_factor,partner,3.3,22.0,4.0,0.0,0,0,0.1644,pmol/L,
47954,16,2020,34.0,39.0,24.6,8.0,4.0,4.1,endometriosis,partner,40.3,46.0,1.0,0.0,1,0,0.2364,ng/mL,1.67
112588,37,2015,32.0,38.0,34.7,10.0,8.0,0.8,diminished_reserve,partner,77.6,40.0,1.0,0.0,0,0,0.1117,ng/mL,0.48
103670,45,2018,43.0,48.0,27.3,8.9,7.0,8.7,unexplained,partner,54.0,51.0,3.0,1.0,0,0,0.0534,ng/mL,1.87
40361,47,2018,29.0,22.0,25.1,4.8,11.0,3.3,male_factor,partner,3.4,35.0,1.0,0.0,0,0,0.3711,pmol/L,25.35
4667,45,2014,41.0,44.0,31.1,,,9.2,ovulatory_pcos,partner,31.0,25.0,0.0,0.0,0,0,0.1229,ng/mL,6.07
45464,59,2015,34.0,39.0,25.2,7.7,7.0,6.0,endometriosis,partner,75.7,60.0,0.0,0.0,0,1,0.2531,ng/mL,2.61
74739,6,2017,33.0,36.0,25.9,5.9,15.0,9.4,unexplained,partner,46.4,37.0,0.0,1.0,0,0,0.3868,ng/mL,5.95
118760,1,2015,26.0,29.0,25.5,8.5,,6.3,male_factor,partner,13.8,34.0,1.0,0.0,0,1,0.3671,ng/mL,6.03
56704,32,2016,36.0,31.0,23.8,5.6,7.0,6.1,tubal,partner,36.9,54.0,0.0,0.0,0,0,0.3444,pmol/L,35.49
46602,35,2012,37.0,39.0,28.0,9.0,5.0,4.1,combined,partner,8.6,21.0,2.0,1.0,0,0,0.1325,ng/mL,
118348,12,2017,39.0,35.0,24.3,5.8,,3.7,endometriosis,partner,23.8,70.0,0.0,0.0,0,0,0.181,ng/mL,2.14
112574,64,2021,35.0,25.0,24.3,8.8,9.0,3.1,unexplained,partner,146.8,65.0,0.0,0.0,0,0,0.4174,ng/mL,1.44
63462,57,2020,39.0,36.0,28.5,5.8,8.0,4.3,male_factor,partner,1.9,17.0,2.0,0.0,0,1,0.1539,ng/mL,4.61
26801,9,2019,22.0,20.0,23.1,3.5,10.0,2.2,COMBINED,partner,8.1,30.0,0.0,0.0,0,1,0.3976,ng/mL,10.6
105039,15,2013,31.0,36.0,26.2,8.2,9.0,5.2,DIMINISHED_RESERVE,partner,50.9,47.0,0.0,0.0,0,1,0.2263,ng/mL,1.52
44505,60,2018,40.0,44.0,23.9,,2.0,4.1,diminished_reserve,partner,28.9,67.0,0.0,0.0,0,1,0.0979,pmol/L,4.93
9319,28,2021,38.0,40.0,27.3,7.8,,10.5,male_factor,partner,,,0.0,0.0,0,0,0.1901,ng/mL,4.46
96259,22,2022,44.0,49.0,24.1,,10.0,2.6,tubal,partner,86.8,70.0,1.0,0.0,0,0,0.0537,pmol/L,13.85
3599,31,2018,27.0,26.0,28.8,,24.0,0.7,ovulatory_pcos,partner,65.3,45.0,1.0,0.0,0,0,0.5609,ng/mL,17.84
55004,10,2012,36.0,43.0,31.6,5.3,10.0,4.8,male_factor,partner,6.2,17.0,0.0,1.0,1,0,0.2518,ng/mL,3.9
61206,32,2022,25.0,22.0,21.3,4.8,7.0,6.1,tubal,partner,36.3,38.0,0.0,0.0,0,1,0.4727,pmol/L,62.4
68052,40,2012,37.0,36.0,25.1,9.9,3.0,4.1,tubal,partner,40.7,52.0,0.0,0.0,0,0,0.1278,ng/mL,0.62
19727,9,2022,34.0,32.0,26.7,5.6,6.0,1.5,unexplained,partner,48.7,43.0,1.0,1.0,0,0,0.4296,ng/mL,3.09
62958,46,2013,39.0,39.0,29.7,8.4,,3.9,tubal,partner,89.1,37.0,0.0,1.0,0,0,0.2292,ng/mL,2.27
111143,2,2022,36.0,40.0,35.6,8.0,7.0,3.0,tubal,partner,37.8,57.0,2.0,0.0,0,0,0.1512,ng/mL,1.41
114944,4,2020,35.0,43.0,26.2,7.6,9.0,6.6,tubal,partner,20.7,66.0,2.0,0.0,0,1,0.2788,ng/mL,3.42
14259,46,2016,42.0,39.0,24.4,9.9,5.0,4.5,tubal,partner,64.8,54.0,0.0,0.0,0,0,0.0887,ng/mL,1.28
78734,9,2020,40.0,45.0,31.2,,26.0,4.5,ovulatory_pcos,partner,29.2,54.0,0.0,0.0,0,0,0.2099,ng/mL,14.26
63894,22,2022,37.0,39.0,23.2,,3.0,4.2,combined,partner,8.7,20.0,1.0,0.0,0,1,0.1907,pmol/L,17.21
70046,1,2017,41.0,40.0,27.2,,6.0,4.3,tubal,partner,37.0,56.0,1.0,0.0,0,0,0.0979,ng/mL,1.75
69452,8,2018,36.0,34.0,31.3,7.9,10.0,5.9,endometriosis,partner,110.3,68.0,0.0,0.0,0,0,0.2334,ng/mL,2.72
79575,63,2014,42.0,41.0,28.1,9.1,7.0,2.2,male_factor,partner,32.1,14.0,0.0,0.0,0,1,0.0898,ng/mL,
6142,45,2021,37.0,44.0,32.6,11.7,4.0,5.6,endometriosis,partner,76.2,36.0,0.0,1.0,0,0,0.187,ng/mL,0.81
119099,30,2023,35.0,39.0,24.6,10.0,6.0,2.6,endometriosis,partner,44.1,42.0,3.0,0.0,0,0,0.2088,ng/mL,2.08
25333,36,2023,36.0,42.0,24.1,7.2,10.0,3.4,diminished_reserve,partner,56.0,45.0,1.0,0.0,0,0,0.2174,ng/mL,1.19
46964,13,2014,37.0,39.0,23.0,6.4,5.0,6.5,male_factor,partner,6.5,30.0,1.0,0.0,0,0,0.2366,ng/mL,3.19
62746,23,2021,27.0,,34.0,5.4,,3.5,tubal,donor,,,0.0,1.0,0,1,0.4221,pmol/L,29.49
45989,7,2016,40.0,43.0,33.7,11.7,6.0,4.7,diminished_reserve,partner,43.1,36.0,2.0,0.0,0,0,0.0656,ng/mL,1.88
118637,14,2017,30.0,33.0,23.8,8.0,8.0,3.2,male_factor,partner,4.8,32.0,1.0,0.0,0,0,0.3043,ng/mL,1.76
58374,42,2016,34.0,27.0,24.3,6.7,6.0,1.1,tubal,partner,46.8,44.0,1.0,1.0,0,0,0.397,pmol/L,19.14
82603,14,2018,41.0,,30.8,7.3,5.0,3.9,unexplained,donor,,,0.0,0.0,0,0,0.1324,ng/mL,2.7
57135,34,2020,40.0,45.0,25.9,6.7,7.0,,ovulatory_pcos,partner,34.5,59.0,1.0,1.0,0,0,0.2077,ng/mL,2.53
111470,18,2020,33.0,37.0,,7.6,3.0,1.7,UNEXPLAINED,partner,92.7,71.0,1.0,1.0,0,0,0.3491,ng/mL,0.83
118728,60,2018,29.0,36.0,26.5,,9.0,7.1,male_factor,partner,6.8,39.0,0.0,0.0,0,1,0.3712,pmol/L,24.63
101730,51,2016,35.0,,26.3,7.0,9.0,1.0,tubal,donor,,,3.0,0.0,1,0,0.3364,ng/mL,4.52
93767,36,2017,44.0,47.0,25.1,11.5,3.0,3.7,unexplained,partner,38.0,59.0,2.0,0.0,0,0,0.0371,ng/mL,1.6
22576,27,2020,37.0,32.0,24.1,7.4,13.0,,male_factor,partner,18.8,23.0,0.0,1.0,0,0,0.2843,ng/mL,2.36
89225,7,2014,33.0,39.0,35.2,10.0,10.0,3.7,unexplained,partner,41.7,43.0,0.0,0.0,0,0,0.2127,ng/mL,
34574,9,2015,36.0,34.0,31.4,5.8,20.0,1.5,endometriosis,partner,97.5,71.0,1.0,0.0,0,0,0.2852,ng/mL,7.45
95763,53,2020,32.0,27.0,,10.9,,1.5,tubal,partner,,,1.0,1.0,0,1,0.3792,ng/mL,0.77
721,17,2019,35.0,37.0,23.0,5.3,11.0,8.4,UNEXPLAINED,partner,58.4,63.0,1.0,1.0,0,0,0.3244,pmol/L,12.0
58775,39,2015,28.0,28.0,24.1,6.1,13.0,1.5,endometriosis,partner,65.3,52.0,0.0,0.0,0,0,0.4051,ng/mL,3.01
18125,31,2022,38.0,39.0,28.3,10.5,8.0,4.2,diminished_reserve,partner,38.9,49.0,1.0,0.0,0,0,0.1416,ng/mL,0.5
5513,13,2023,28.0,,27.4,5.2,12.0,1.9,male_factor,donor,,,0.0,0.0,0,1,0.568,ng/mL,5.97
116510,30,2013,33.0,41.0,26.6,7.4,4.0,1.4,male_factor,partner,,,4.0,0.0,0,0,0.1514,ng/mL,
51564,22,2017,36.0,47.0,28.7,7.5,,1.0,unexplained,partner,41.2,57.0,2.0,0.0,0,1,0.2681,pmol/L,18.56
88696,26,2015,35.0,36.0,28.1,11.6,8.0,6.6,diminished_reserve,partner,,,1.0,0.0,0,1,0.1767,pmol/L,4.14
115773,7,2017,38.0,46.0,21.9,,7.0,6.7,male_factor,partner,1.2,24.0,0.0,1.0,0,0,0.1599,ng/mL,0.84
84164,64,2022,33.0,36.0,29.0,,4.0,0.8,unexplained,partner,53.7,54.0,0.0,1.0,0,0,0.5091,ng/mL,2.22
28198,26,2023,39.0,37.0,22.7,7.4,,1.3,tubal,partner,63.2,64.0,1.0,0.0,0,1,0.1898,pmol/L,7.5
16533,53,2020,34.0,40.0,23.7,,19.0,2.2,male_factor,partner,,,1.0,1.0,0,1,0.5309,ng/mL,8.9
12995,4,2016,38.0,30.0,26.7,,7.0,3.1,diminished_reserve,partner,,,1.0,0.0,0,0,0.1168,ng/mL,0.56
89868,16,2019,32.0,34.0,23.0,7.7,8.0,11.3,male_factor,partner,9.3,39.0,1.0,0.0,0,1,0.2591,ng/mL,2.55
76441,18,2020,26.0,29.0,27.8,4.8,9.0,0.8,unexplained,partner,39.0,44.0,1.0,0.0,0,0,0.4087,ng/mL,2.9
18175,39,2015,28.0,30.0,25.8,9.3,9.0,2.0,unexplained,partner,109.8,73.0,2.0,0.0,0,0,0.3558,ng/mL,2.67
119494,35,2017,24.0,32.0,26.9,4.1,13.0,4.7,male_factor,partner,7.2,35.0,1.0,0.0,0,1,0.3944,ng/mL,9.0
74228,44,2013,32.0,35.0,24.6,7.6,6.0,4.9,male_factor,partner,17.5,46.0,1.0,0.0,1,0,0.2437,ng/mL,1.85
11811,3,2013,46.0,49.0,32.6,7.2,10.0,3.3,male_factor,partner,4.8,23.0,2.0,0.0,0,0,0.0145,pmol/L,
27135,36,2017,35.0,34.0,23.5,,,2.8,male_factor,partner,6.3,22.0,2.0,1.0,0,1,0.3031,ng/mL,1.11
100961,27,2014,30.0,40.0,23.3,2.4,15.0,1.5,unexplained,partner,33.3,84.0,1.0,1.0,0,0,0.4716,ng/mL,
104207,55,2022,35.0,35.0,28.8,3.6,13.0,5.0,tubal,partner,87.8,38.0,1.0,0.0,0,0,0.3304,ng/mL,4.75
48373,52,2019,33.0,34.0,25.8,,,1.8,male_factor,partner,4.3,16.0,1.0,0.0,0,0,0.3023,ng/mL,2.35
79883,22,2017,44.0,43.0,24.3,16.6,1.0,1.5,unexplained,partner,192.8,71.0,1.0,0.0,1,0,0.0194,pmol/L,2.93
61860,36,2013,41.0,48.0,22.4,6.8,5.0,1.7,male_factor,partner,7.1,17.0,0.0,0.0,0,0,0.098,ng/mL,1.56
56266,1,2020,46.0,44.0,,8.9,,6.0,endometriosis,partner,80.1,43.0,3.0,1.0,0,0,0.0189,ng/mL,1.59
63212,17,2022,38.0,34.0,27.4,,,1.4,diminished_reserve,partner,37.0,50.0,0.0,1.0,0,0,0.201,pmol/L,6.71
73957,14,2019,40.0,53.0,25.7,7.2,6.0,5.0,unexplained,partner,,,1.0,1.0,1,0,0.1448,ng/mL,2.05
94472,35,2014,31.0,31.0,24.9,3.6,18.0,1.3,ovulatory_pcos,partner,,,0.0,0.0,0,0,0.5256,ng/mL,
64531,58,2019,38.0,40.0,26.6,9.2,6.0,,male factor,partner,29.7,17.0,1.0,0.0,0,0,0.1526,pmol/L,5.07
29769,53,2022,41.0,46.0,24.1,,4.0,,unexplained,partner,81.6,44.0,1.0,1.0,0,0,0.1717,ng/mL,1.71
11616,49,2023,35.0,44.0,24.3,6.0,9.0,0.8,tubal,partner,82.3,57.0,1.0,0.0,1,1,0.3214,ng/mL,1.7
45239,32,2014,39.0,41.0,24.7,7.0,8.0,,male_factor,partner,10.9,29.0,1.0,0.0,0,0,0.2095,pmol/L,
117039,55,2014,42.0,47.0,24.7,8.7,5.0,3.5,male_factor,partner,9.0,24.0,1.0,1.0,0,0,0.0794,ng/mL,
27964,14,2019,39.0,40.0,25.5,5.9,14.0,4.7,ovulatory pcos,partner,97.5,31.0,1.0,1.0,0,1,0.3294,ng/mL,6.73
117714,48,2018,35.0,41.0,29.2,6.3,,3.5,male_factor,partner,4.8,36.0,0.0,0.0,0,0,0.246,ng/mL,2.39
92988,6,2022,33.0,25.0,23.8,4.5,16.0,5.3,unexplained,partner,72.4,49.0,1.0,0.0,0,0,0.3543,ng/mL,4.04
3876,5,2015,37.0,39.0,22.5,12.9,3.0,6.9,tubal,partner,59.0,62.0,0.0,0.0,0,0,0.1421,ng/mL,1.27
31927,20,2014,43.0,47.0,25.8,5.0,8.0,3.0,tubal,partner,,,0.0,0.0,0,0,0.0541,ng/mL,2.3
22499,13,2019,42.0,45.0,25.2,10.4,7.0,1.7,ovulatory_pcos,partner,47.1,30.0,1.0,0.0,0,0,0.1369,ng/mL,2.88
95880,2,2016,30.0,35.0,28.7,,22.0,5.0,ovulatory_pcos,partner,39.0,54.0,1.0,0.0,0,1,0.4013,ng/mL,14.97
90570,54,2014,40.0,38.0,28.1,7.8,6.0,2.0,combined,partner,26.9,48.0,1.0,0.0,0,0,0.0908,pmol/L,8.85
9634,38,2018,35.0,,26.5,,6.0,8.4,unexplained,donor,,,0.0,1.0,1,1,0.2992,ng/mL,1.76
73695,54,2016,30.0,34.0,27.9,,,1.4,unexplained,partner,85.2,57.0,0.0,0.0,0,1,0.3268,pmol/L,14.64
5959,9,2014,28.0,24.0,25.2,,13.0,3.3,male_factor,partner,3.5,17.0,0.0,0.0,0,0,0.3959,ng/mL,7.98
99287,45,2019,36.0,37.0,25.5,5.4,,1.9,endometriosis,partner,130.1,58.0,0.0,0.0,0,0,0.3789,ng/mL,3.7
61558,13,2021,34.0,44.0,22.7,,3.0,6.0,endometriosis,partner,76.3,26.0,0.0,0.0,0,1,0.289,ng/mL,1.37
38624,51,2015,40.0,45.0,25.4,7.9,3.0,6.0,male_factor,partner,36.1,18.0,0.0,0.0,0,0,0.1095,ng/mL,0.96
43001,60,2017,35.0,35.0,35.2,7.2,11.0,4.1,ovulatory_pcos,partner,45.1,58.0,1.0,0.0,0,1,0.3125,pmol/L,21.06
88874,13,2013,30.0,35.0,31.4,5.7,5.0,1.8,male_factor,partner,7.6,26.0,0.0,0.0,0,0,0.3172,ng/mL,2.33
70807,62,2019,39.0,35.0,23.5,,5.0,2.2,male_factor,partner,80.9,20.0,0.0,0.0,0,0,0.1834,ng/mL,1.02
60127,6,2015,35.0,29.0,24.6,8.3,12.0,0.8,endometriosis,partner,24.5,62.0,0.0,0.0,0,0,0.3359,ng/mL,3.33
52729,13,2013,27.0,40.0,22.3,6.3,12.0,3.8,unexplained,partner,53.8,57.0,2.0,0.0,0,1,0.436,ng/mL,5.12
25020,33,2014,31.0,35.0,23.0,6.6,,6.8,MALE_FACTOR,partner,44.3,30.0,3.0,0.0,0,1,0.2869,ng/mL,
34126,64,2018,31.0,36.0,29.2,8.4,4.0,1.6,unexplained,partner,51.9,52.0,1.0,0.0,0,0,0.35,ng/mL,1.33
66514,36,2017,35.0,40.0,25.1,5.8,8.0,4.0,unexplained,partner,31.3,45.0,0.0,0.0,0,0,0.3182,ng/mL,1.38
112205,32,2016,32.0,26.0,23.9,,5.0,1.4,male_factor,partner,2.7,32.0,1.0,0.0,0,0,0.3084,pmol/L,12.35
89124,39,2023,35.0,,32.0,,9.0,2.2,male_factor,donor,,,1.0,0.0,0,0,0.3478,ng/mL,2.7
20540,19,2015,38.0,33.0,24.5,5.5,10.0,1.6,male_factor,partner,1.0,14.0,0.0,1.0,0,0,0.232,ng/mL,4.63
41554,59,2012,38.0,41.0,26.7,5.8,10.0,6.2,male_factor,partner,20.8,18.0,2.0,0.0,0,0,0.1411,ng/mL,4.19
38835,23,2015,35.0,26.0,24.6,6.9,11.0,4.4,unexplained,partner,57.8,52.0,4.0,0.0,0,0,0.2833,pmol/L,40.98
65928,59,2016,37.0,42.0,29.5,5.9,4.0,,unexplained,partner,123.5,70.0,2.0,0.0,0,0,0.1355,ng/mL,1.47
99577,30,2022,31.0,28.0,29.2,4.3,18.0,1.5,ovulatory_pcos,partner,26.9,68.0,0.0,0.0,1,1,0.3767,ng/mL,16.2
91606,11,2012,38.0,38.0,37.9,6.6,6.0,2.5,male_factor,partner,14.4,32.0,2.0,1.0,0,0,0.1675,ng/mL,
2450,45,2012,39.0,,25.2,13.3,4.0,3.2,combined,donor,,,0.0,0.0,0,0,0.1667,ng/mL,
79270,2,2016,40.0,35.0,26.8,12.5,3.0,1.7,unexplained,partner,66.4,55.0,2.0,0.0,0,0,0.0575,ng/mL,0.38
31522,44,2013,34.0,33.0,27.5,5.6,8.0,2.5,tubal,partner,59.7,56.0,0.0,1.0,0,0,0.4396,ng/mL,
110810,64,2022,37.0,,22.6,,8.0,3.8,diminished_reserve,donor,,,0.0,0.0,0,0,0.3061,ng/mL,1.93
115819,45,2019,37.0,31.0,29.3,10.0,8.0,5.4,male_factor,partner,11.3,17.0,4.0,1.0,0,1,0.1754,ng/mL,
62127,16,2022,27.0,30.0,24.5,6.9,11.0,5.6,male_factor,partner,15.7,25.0,1.0,1.0,0,1,0.4435,ng/mL,3.11
12132,57,2012,33.0,42.0,,8.7,6.0,0.8,unexplained,partner,68.2,68.0,1.0,0.0,1,0,0.2419,ng/mL,1.06
39663,10,2012,36.0,30.0,28.8,10.4,3.0,4.0,unexplained,partner,108.8,64.0,2.0,1.0,0,0,0.2189,ng/mL,
39030,28,2015,36.0,33.0,22.1,9.2,10.0,0.9,combined,partner,5.1,38.0,0.0,0.0,0,0,0.2479,ng/mL,2.72
40320,37,2021,32.0,35.0,23.2,8.2,6.0,6.2,tubal,partner,89.0,49.0,2.0,1.0,0,0,0.1927,ng/mL,0.47
52487,36,2014,35.0,37.0,27.1,2.8,11.0,3.5,tubal,partner,137.3,56.0,3.0,0.0,0,0,0.3068,ng/mL,
40601,49,2016,36.0,37.0,30.7,,9.0,2.0,unexplained,partner,45.1,51.0,1.0,0.0,0,1,0.3127,ng/mL,3.37
92756,10,2019,29.0,34.0,24.1,3.0,18.0,1.4,combined,partner,4.0,49.0,1.0,0.0,0,1,0.3989,ng/mL,7.49
23767,45,2014,44.0,49.0,34.6,7.5,4.0,4.0,male_factor,partner,6.3,26.0,3.0,0.0,0,0,0.0129,ng/mL,0.52
85075,13,2023,33.0,36.0,30.4,5.8,,2.0,tubal,partner,60.5,39.0,1.0,0.0,0,1,0.3346,ng/mL,1.81
118145,42,2015,41.0,45.0,25.6,7.2,7.0,5.0,unexplained,partner,50.9,54.0,2.0,1.0,0,0,0.1052,pmol/L,13.57
26687,47,2013,38.0,41.0,25.0,8.6,6.0,7.7,unexplained,partner,31.2,61.0,0.0,0.0,0,0,0.1642,pmol/L,
49475,53,2019,38.0,41.0,24.6,7.4,2.0,2.1,unexplained,partner,41.8,65.0,0.0,1.0,0,0,0.2667,ng/mL,0.81
65065,12,2018,33.0,38.0,23.4,3.8,12.0,1.7,unexplained,partner,36.8,58.0,0.0,0.0,0,0,0.4665,ng/mL,5.3
82779,12,2019,34.0,37.0,25.6,4.8,11.0,1.3,OVULATORY_PCOS,partner,41.1,60.0,0.0,0.0,0,1,0.4917,ng/mL,7.57
8031,48,2014,37.0,,26.7,,2.0,,diminished_reserve,donor,,,1.0,1.0,0,0,0.1479,ng/mL,0.52
77923,13,2017,41.0,42.0,25.8,,,4.0,tubal,partner,38.3,51.0,0.0,0.0,0,0,0.0895,ng/mL,0.62
77329,42,2018,43.0,34.0,27.1,,2.0,3.6,tubal,partner,36.7,39.0,1.0,1.0,0,0,0.0296,pmol/L,3.14
110417,9,2013,33.0,29.0,23.7,4.7,9.0,3.3,male_factor,partner,4.5,26.0,2.0,0.0,0,0,0.254,ng/mL,
81762,62,2021,38.0,40.0,30.2,4.4,9.0,1.7,unexplained,partner,32.8,72.0,0.0,0.0,1,1,0.2017,ng/mL,2.73
52189,33,2023,33.0,,23.5,4.5,10.0,,unexplained,donor,,,2.0,1.0,0,1,0.4172,ng/mL,
41067,29,2020,29.0,,28.3,6.9,1.0,2.8,unexplained,donor,,,0.0,0.0,0,0,0.4351,pmol/L,
50528,13,2012,36.0,40.0,32.1,5.2,,4.9,unexplained,partner,79.9,51.0,1.0,1.0,0,1,0.3183,ng/mL,
3344,11,2014,39.0,39.0,27.6,5.3,9.0,7.0,ovulatory_pcos,partner,90.3,37.0,1.0,0.0,0,0,0.2119,ng/mL,4.28
28131,23,2014,29.0,32.0,36.7,5.8,10.0,4.9,unexplained,partner,23.3,55.0,1.0,0.0,0,0,0.2278,pmol/L,
66070,18,2020,30.0,32.0,23.6,7.5,12.0,1.6,unexplained,partner,56.8,38.0,2.0,1.0,0,1,0.5061,ng/mL,7.24
59154,7,2014,33.0,35.0,23.2,8.5,7.0,4.2,unexplained,partner,24.1,61.0,3.0,0.0,0,0,0.2493,ng/mL,1.88
48122,21,2021,38.0,37.0,27.1,16.6,6.0,4.2,diminished_reserve,partner,58.2,42.0,1.0,0.0,0,0,0.12,ng/mL,0.57
58206,19,2019,25.0,21.0,23.6,4.3,11.0,6.3,endometriosis,partner,54.3,48.0,0.0,0.0,0,1,0.2953,ng/mL,4.31
89553,30,2020,34.0,33.0,30.1,10.1,14.0,1.0,ovulatory_pcos,partner,101.2,75.0,1.0,1.0,0,1,0.4147,ng/mL,5.87
40477,53,2013,42.0,41.0,23.0,,8.0,4.4,unexplained,partner,59.4,49.0,1.0,0.0,0,0,0.0892,ng/mL,1.74
40234,51,2015,38.0,36.0,30.7,10.2,6.0,3.1,unexplained,partner,28.2,31.0,1.0,0.0,0,1,0.1594,ng/mL,1.1
14598,38,2017,28.0,30.0,27.2,4.5,18.0,3.0,unexplained,partner,71.1,61.0,1.0,0.0,0,0,0.4417,ng/mL,8.64
50424,12,2013,42.0,44.0,24.8,10.4,2.0,1.4,diminished_reserve,partner,22.7,69.0,2.0,1.0,0,0,0.0345,ng/mL,
26764,46,2022,30.0,29.0,23.8,6.8,4.0,4.6,endometriosis,partner,25.3,71.0,1.0,0.0,0,1,0.3195,ng/mL,1.76
48065,62,2020,36.0,32.0,24.1,8.0,13.0,4.3,unexplained,partner,79.2,32.0,0.0,0.0,0,0,0.3874,ng/mL,6.54
28942,11,2019,29.0,37.0,26.2,7.1,7.0,0.7,tubal,partner,39.4,51.0,2.0,1.0,0,0,0.4154,ng/mL,1.6
97943,14,2014,28.0,32.0,25.6,7.2,11.0,1.2,male_factor,partner,2.5,17.0,1.0,0.0,0,0,0.3779,ng/mL,
29590,37,2016,36.0,28.0,27.0,6.7,5.0,3.5,diminished_reserve,partner,12.0,60.0,1.0,0.0,0,1,0.1622,ng/mL,
75128,8,2013,33.0,41.0,27.9,5.5,16.0,,ovulatory_pcos,partner,30.7,51.0,0.0,0.0,0,1,0.4616,ng/mL,
96433,63,2018,36.0,34.0,24.4,9.9,,4.7,unexplained,partner,63.7,54.0,0.0,0.0,0,0,0.3149,ng/mL,
46240,60,2018,36.0,36.0,99.0,8.8,2.0,0.7,diminished_reserve,partner,57.0,49.0,1.0,0.0,1,0,0.1328,pmol/L,2.71
62712,25,2018,36.0,24.0,24.9,,17.0,5.9,OVULATORY_PCOS,partner,25.4,52.0,1.0,0.0,0,1,0.3303,ng/mL,8.24
49359,39,2018,29.0,30.0,,6.0,13.0,0.5,endometriosis,partner,50.5,43.0,1.0,0.0,0,0,0.3538,ng/mL,
37422,18,2022,40.0,,21.5,10.6,3.0,2.5,DIMINISHED_RESERVE,donor,,,0.0,0.0,0,0,0.0736,ng/mL,0.25
105651,14,2020,38.0,41.0,,7.2,8.0,2.8,male_factor,partner,22.3,22.0,0.0,1.0,0,1,0.2775,ng/mL,1.56
74714,49,2023,33.0,41.0,24.0,5.1,9.0,2.4,male_factor,partner,6.3,34.0,0.0,1.0,0,1,0.5197,ng/mL,5.48
10847,44,2015,28.0,42.0,28.0,,12.0,2.3,unexplained,partner,50.2,43.0,0.0,1.0,1,0,0.4474,ng/mL,8.03
105273,5,2020,39.0,33.0,24.3,9.8,2.0,,unexplained,partner,59.0,43.0,0.0,0.0,0,0,0.096,ng/mL,0.59
68362,53,2021,41.0,43.0,28.8,7.5,,4.0,male_factor,partner,21.8,24.0,3.0,0.0,1,0,0.0583,ng/mL,1.06
105541,36,2018,34.0,38.0,25.2,,8.0,1.4,male_factor,partner,16.8,16.0,1.0,0.0,0,0,0.3436,ng/mL,2.73
110294,64,2016,30.0,34.0,25.3,6.8,11.0,5.9,unexplained,partner,29.6,54.0,0.0,0.0,0,0,0.479,ng/mL,4.11
78134,60,2021,34.0,39.0,26.2,8.0,5.0,3.0,unexplained,partner,67.4,45.0,0.0,0.0,0,1,0.4251,pmol/L,19.78
90595,33,2015,37.0,47.0,25.6,5.8,3.0,,ovulatory_pcos,partner,25.4,60.0,2.0,0.0,0,1,0.1836,ng/mL,2.09
23938,41,2014,29.0,36.0,22.7,6.9,9.0,3.8,tubal,partner,85.2,40.0,2.0,0.0,0,0,0.362,ng/mL,
113355,9,2016,29.0,32.0,29.2,5.1,20.0,2.7,unexplained,partner,31.9,57.0,0.0,0.0,0,0,0.4276,ng/mL,5.93
82151,53,2017,33.0,39.0,,4.8,13.0,5.0,TUBAL,partner,44.7,65.0,1.0,0.0,0,0,0.4007,ng/mL,4.93
66145,48,2023,35.0,46.0,32.6,3.8,10.0,2.3,ovulatory_pcos,partner,40.6,66.0,0.0,0.0,0,0,0.3263,ng/mL,4.89
112616,53,2017,42.0,47.0,35.0,5.3,,3.1,combined,partner,18.3,17.0,0.0,0.0,0,0,0.0428,ng/mL,1.64
78920,3,2018,27.0,33.0,24.2,4.1,,1.2,male_factor,partner,33.4,15.0,0.0,0.0,0,0,0.5148,pmol/L,111.6
5669,63,2023,32.0,41.0,27.4,5.4,21.0,1.4,tubal,partner,53.7,55.0,1.0,0.0,0,0,0.5009,ng/mL,5.47
60758,4,2021,30.0,35.0,24.1,6.6,9.0,1.2,endometriosis,partner,89.4,33.0,2.0,0.0,0,0,0.3437,ng/mL,
7072,24,2022,39.0,41.0,25.2,,3.0,3.7,diminished_reserve,partner,92.4,39.0,2.0,0.0,0,0,0.0795,ng/mL,1.06
53046,2,2020,32.0,37.0,,5.0,7.0,2.0,ENDOMETRIOSIS,partner,39.7,41.0,0.0,0.0,0,1,0.353,ng/mL,3.9
72523,21,2013,30.0,36.0,40.5,9.5,9.0,0.9,male factor,partner,4.0,18.0,1.0,0.0,0,0,0.2239,ng/mL,
13113,7,2015,41.0,37.0,25.3,,5.0,3.7,diminished reserve,partner,40.9,59.0,0.0,0.0,0,0,0.0601,ng/mL,0.56
90530,27,2023,28.0,31.0,23.8,7.0,7.0,6.0,unexplained,partner,67.1,67.0,2.0,1.0,1,0,0.3017,ng/mL,2.76
86907,16,2021,38.0,,25.8,7.9,6.0,6.2,unexplained,donor,,,1.0,0.0,0,1,0.2186,ng/mL,1.96
26070,1,2014,37.0,38.0,24.6,4.8,6.0,3.7,male_factor,partner,37.5,11.0,0.0,1.0,1,0,0.2584,ng/mL,
97244,55,2020,37.0,41.0,30.5,4.9,13.0,1.5,ovulatory_pcos,partner,85.9,47.0,0.0,1.0,0,1,0.4062,ng/mL,14.49
71812,37,2022,32.0,31.0,24.1,8.6,,1.1,unexplained,partner,138.5,47.0,2.0,0.0,0,1,0.2653,ng/mL,0.83
8425,56,2015,35.0,39.0,26.3,8.0,10.0,10.0,tubal,partner,106.2,47.0,0.0,0.0,0,0,0.2556,ng/mL,2.43
32119,2,2018,32.0,27.0,,4.0,14.0,3.0,UNEXPLAINED,partner,85.6,58.0,0.0,0.0,0,0,0.4493,ng/mL,13.1
